Sample	Seq	Sample_Seq	Resolution	PathName	Path	sample	idx	categ	ours_idx
HG00126	haplotype1-0000017	HG00126_haplotype1-0000017	SCAFFOLD	haplotype1_from_utig4-29	utig4-7-,utig4-29+	HG00126	0	match	2317
HG00140	haplotype1-0000004	HG00140_haplotype1-0000004	SCAFFOLD	haplotype1_from_utig4-1311	utig4-1311-,utig4-1310+,[N100000N:scaffold],utig4-1159-,utig4-1156-,[N5000N:ambig_path],utig4-1907+,utig4-1909+	HG00140	1	match	2076
HG00140	haplotype1-0000005	HG00140_haplotype1-0000005	UNPLACED	haplotype1_from_utig4-1312	utig4-1312+,utig4-1310-	HG00140	2	match	2085
HG00140	haplotype2-0000060	HG00140_haplotype2-0000060	UNPLACED	haplotype2_unused_utig4-1157	utig4-1157+	HG00140	3	match	2045
HG00140	haplotype2-0000061	HG00140_haplotype2-0000061	UNPLACED	haplotype2_unused_utig4-1158	utig4-1158+	HG00140	4	match	1416
HG00140	haplotype2-0000086	HG00140_haplotype2-0000086	UNPLACED	haplotype2_unused_utig4-1908	utig4-1908+	HG00140	5	match	3181
HG00280	haplotype1-0000024	HG00280_haplotype1-0000024	SCAFFOLD	haplotype1_from_utig4-516	utig4-737+,utig4-1461-,[N5000N:ambig_path],utig4-1463+,[N27852N:ambig_bubble],utig4-1141+,[N1000N:ambig_bubble],utig4-818+,[N1000N:ambig_bubble],utig4-516+,utig4-1036-	HG00280	6	match	1715
HG00280	haplotype1-0000029	HG00280_haplotype1-0000029	UNPLACED	haplotype1_unused_utig4-1142	utig4-1142+	HG00280	7	match	1601
HG00280	haplotype1-0000030	HG00280_haplotype1-0000030	UNPLACED	haplotype1_unused_utig4-1143	utig4-1143+	HG00280	8	match	510
HG00280	haplotype1-0000038	HG00280_haplotype1-0000038	UNPLACED	haplotype1_unused_utig4-1462	utig4-1462+	HG00280	9	match	1150
HG00280	haplotype1-0000071	HG00280_haplotype1-0000071	UNPLACED	haplotype1_unused_utig4-517	utig4-517+	HG00280	10	match	941
HG00280	haplotype1-0000072	HG00280_haplotype1-0000072	UNPLACED	haplotype1_unused_utig4-518	utig4-518+	HG00280	11	match	2417
HG00280	haplotype1-0000073	HG00280_haplotype1-0000073	UNPLACED	haplotype1_unused_utig4-819	utig4-819+	HG00280	12	match	1823
HG00280	haplotype1-0000074	HG00280_haplotype1-0000074	UNPLACED	haplotype1_unused_utig4-820	utig4-820+	HG00280	13	match	2188
HG00280	unassigned-0000312	HG00280_unassigned-0000312	UNPLACED_Cmpnt	na_unused_utig4-1413	utig4-1413+	HG00280	14	no-match	-1
HG00290	haplotype1-0000013	HG00290_haplotype1-0000013	SCAFFOLD	haplotype1_from_utig4-2251	utig4-772+,utig4-931+,utig4-2249+,utig4-2251+	HG00290	15	match	975
HG00290	unassigned-0001189	HG00290_unassigned-0001189	UNPLACED	na_unused_utig4-932	utig4-932+	HG00290	16	match	2316
HG002	pat-0000702	HG002_pat-0000702	SCAFFOLD	pat_from_utig4-897	utig4-897+,utig4-899+	NA24385	17	match	259
HG00321	haplotype1-0000002	HG00321_haplotype1-0000002	UNPLACED	haplotype1_from_utig4-1150	utig4-1150+,utig4-2066-,utig4-2067+,utig4-2036+,utig4-960-,utig4-811-,utig4-808-,utig4-804-,utig4-805+,utig4-1257+,[N5000N:ambig_path],utig4-1974-,utig4-1973-,utig4-1687-,utig4-1685+,utig4-1281-,utig4-1279-,utig4-1152-,utig4-1148-	HG00321	18	match	3146
HG00321	haplotype1-0000009	HG00321_haplotype1-0000009	UNPLACED	haplotype1_from_utig4-1984	utig4-1984+,utig4-1283-	HG00321	19	match	806
HG00321	haplotype1-0000028	HG00321_haplotype1-0000028	UNPLACED	haplotype1_from_utig4-997	utig4-997+,utig4-1001+	HG00321	20	match	114
HG00321	haplotype1-0000031	HG00321_haplotype1-0000031	UNPLACED	haplotype1_unused_utig4-1211	utig4-1211+	HG00321	21	match	3667
HG00321	haplotype1-0000038	HG00321_haplotype1-0000038	UNPLACED	haplotype1_unused_utig4-2342	utig4-2342+	HG00321	22	match	2308
HG00321	haplotype2-0000041	HG00321_haplotype2-0000041	SCAFFOLD	haplotype2_from_utig4-1151	utig4-811+,utig4-959+,utig4-1149-,utig4-1148+,utig4-1151+	HG00321	23	match	201
HG00321	haplotype2-0000043	HG00321_haplotype2-0000043	UNPLACED	haplotype2_from_utig4-1280	utig4-1240+,utig4-1210-,utig4-1209+,utig4-1973-,utig4-1686-,utig4-1685+,utig4-1282-,utig4-1279-,utig4-1280+,utig4-1284+,utig4-2069-	HG00321	24	match	1122
HG00321	haplotype2-0000065	HG00321_haplotype2-0000065	SCAFFOLD	haplotype2_from_utig4-6	utig4-6+,utig4-1000-,[N100000N:scaffold],utig4-2347-,utig4-2341-,utig4-1256-,utig4-1252-,utig4-1255+,utig4-806-,utig4-804+,utig4-807+,utig4-1985-,utig4-1983-	HG00321	25	match	805
HG00321	haplotype2-0000069	HG00321_haplotype2-0000069	UNPLACED	haplotype2_from_utig4-809	utig4-809+	HG00321	26	match	2546
HG00321	unassigned-0000167	HG00321_unassigned-0000167	UNPLACED	na_unused_utig4-1241	utig4-1241+	HG00321	27	match	1225
HG00321	unassigned-0000168	HG00321_unassigned-0000168	UNPLACED	na_unused_utig4-1242	utig4-1242+	HG00321	28	match	71
HG00321	unassigned-0000169	HG00321_unassigned-0000169	UNPLACED	na_unused_utig4-1243	utig4-1243+	HG00321	29	match	1646
HG00321	unassigned-0000170	HG00321_unassigned-0000170	UNPLACED	na_unused_utig4-1244	utig4-1244+	HG00321	30	match	1274
HG00321	unassigned-0000171	HG00321_unassigned-0000171	UNPLACED	na_unused_utig4-1245	utig4-1245+	HG00321	31	match	1922
HG00321	unassigned-0000177	HG00321_unassigned-0000177	UNPLACED	na_unused_utig4-1253	utig4-1253+	HG00321	32	match	2791
HG00321	unassigned-0000178	HG00321_unassigned-0000178	UNPLACED	na_unused_utig4-1254	utig4-1254+	HG00321	33	match	1775
HG00321	unassigned-0000586	HG00321_unassigned-0000586	UNPLACED	na_unused_utig4-2068	utig4-2068+	HG00321	34	match	2495
HG00321	unassigned-0000716	HG00321_unassigned-0000716	UNPLACED	na_unused_utig4-810	utig4-810+	HG00321	35	match	1697
HG00321	unassigned-0000760	HG00321_unassigned-0000760	UNPLACED	na_unused_utig4-998	utig4-998+	HG00321	36	match	2336
HG00321	unassigned-0000761	HG00321_unassigned-0000761	UNPLACED	na_unused_utig4-999	utig4-999+	HG00321	37	match	2128
HG00329	haplotype1-0000005	HG00329_haplotype1-0000005	UNPLACED	haplotype1_from_utig4-1588	utig4-1740-,utig4-1739-,utig4-820-,utig4-817-,utig4-818+,utig4-1544+,utig4-1547+,utig4-1685-,utig4-1684+,utig4-60-,utig4-56-,utig4-58+,utig4-1461+,utig4-618-,utig4-616+,utig4-620+,utig4-1794-,utig4-842-,utig4-840+,utig4-242-,utig4-240+,utig4-244+,utig4-1841+,utig4-1474-,utig4-1470-,utig4-1471+,utig4-1772-,utig4-1773+,utig4-1862-,utig4-1700-,utig4-1699-,utig4-1168-,utig4-1164-,utig4-1165+,utig4-1548-,utig4-898-,utig4-897-,utig4-136-,utig4-135+,utig4-139+,utig4-690+,utig4-691+,utig4-1587-,utig4-1588+,utig4-1763-,utig4-1567-,utig4-1566-,utig4-1561-,utig4-559-,utig4-557-,utig4-547-,utig4-546+,utig4-1109-,utig4-698-,utig4-696+,utig4-699+,utig4-919+,utig4-920+,utig4-1783+,utig4-157-,utig4-156+,utig4-160+,utig4-1799+,utig4-647-,utig4-645+,utig4-648+,utig4-1193-,utig4-1195+,utig4-1792+,utig4-50-,utig4-46-,utig4-48+,utig4-613-,utig4-614+,utig4-778-,utig4-780+,utig4-1651+,utig4-1653+,utig4-1780+,utig4-1619-,utig4-1617-,utig4-812-,utig4-811+,utig4-377-	HG00329	38	no-match	-1
HG00329	haplotype1-0000009	HG00329_haplotype1-0000009	UNPLACED	haplotype1_from_utig4-1756	utig4-1442-,utig4-1440-,utig4-27-,utig4-26+,utig4-30+,utig4-1755-,utig4-1756+,utig4-1759+,utig4-1823-,utig4-1824+,[N36933N:scaffold],utig4-1560+	HG00329	39	no-match	-1
HG00329	haplotype1-0000011	HG00329_haplotype1-0000011	UNPLACED	haplotype1_from_utig4-183	utig4-1534-,utig4-1532+,utig4-1203-,utig4-1201+,utig4-1205+,utig4-1621-,utig4-183-,utig4-181+,utig4-185+,utig4-634+,utig4-636+,utig4-1481+,utig4-1482+,utig4-1848+,utig4-1849+,utig4-1069-,utig4-1066-,[N100000N:scaffold],utig4-1373+,utig4-896-	HG00329	40	no-match	-1
HG00329	haplotype1-0000012	HG00329_haplotype1-0000012	SCAFFOLD	haplotype1_from_utig4-1858	utig4-1858+,[N5000N:ambig_path],utig4-1212+,[N5000N:ambig_path],utig4-1747+,utig4-587-,utig4-586+,[N55564N:scaffold],utig4-876+	HG00329	41	match	3241
HG00329	haplotype1-0000019	HG00329_haplotype1-0000019	UNPLACED	haplotype1_from_utig4-654	utig4-1445-,utig4-1444+,utig4-1223-,utig4-1221+,utig4-737-,utig4-735+,utig4-662-,utig4-660-,utig4-480-,utig4-477-,utig4-478+,utig4-1722+,utig4-1076-,utig4-1073-,utig4-1074+,utig4-1741-,utig4-907-,utig4-906-,utig4-727-,utig4-725+,utig4-728+,utig4-1615-,utig4-1564-,utig4-1563-,utig4-652-,utig4-650+,utig4-654+,utig4-931+,utig4-933+,utig4-1014-,utig4-1016+,utig4-1422+,utig4-1179-,utig4-1176-,utig4-1177+,utig4-608-,utig4-605-,utig4-601-,utig4-603+,utig4-1433-,utig4-1435+	HG00329	42	no-match	-1
HG00329	haplotype1-0000020	HG00329_haplotype1-0000020	UNPLACED	haplotype1_from_utig4-689	utig4-1414-,utig4-1412+,utig4-1415+,utig4-1600-,utig4-168-,utig4-166+,utig4-169+,utig4-626-,utig4-628+,utig4-1513-,utig4-1515+,utig4-1656-,utig4-1658+,utig4-1867-,utig4-1170-,utig4-1169+,utig4-1174+,utig4-1766-,utig4-774-,utig4-773+,utig4-776+,utig4-887-,utig4-889+,utig4-1189-,utig4-1190+,utig4-1872+,utig4-600-,utig4-598-,utig4-596+,utig4-173-,utig4-171+,utig4-175+,utig4-687-,utig4-689+,utig4-1675+,utig4-1677+	HG00329	43	no-match	-1
HG00329	haplotype1-0000023	HG00329_haplotype1-0000023	UNPLACED	haplotype1_from_utig4-769	utig4-149-,utig4-148+,utig4-151+,utig4-1778-,utig4-1777+,utig4-64-,utig4-61-,utig4-62+,utig4-768-,utig4-769+,utig4-1715+,utig4-1717+,utig4-1821-,utig4-1822+	HG00329	44	no-match	-1
HG00329	haplotype1-0000025	HG00329_haplotype1-0000025	UNPLACED	haplotype1_from_utig4-849	utig4-849+,utig4-851+,utig4-1147-	HG00329	45	no-match	-1
HG00329	haplotype1-0000026	HG00329_haplotype1-0000026	UNPLACED	haplotype1_from_utig4-935	utig4-935-,utig4-934-,utig4-178-,utig4-176+,utig4-180+,utig4-1106-,utig4-1107+,utig4-1606-,utig4-35-,utig4-31-,utig4-32+,utig4-1786-,utig4-1680-,utig4-1678+,utig4-123-,utig4-120-,utig4-122+,utig4-1842+,[N100000N:scaffold],utig4-483-,utig4-464-,utig4-461-,utig4-462+,utig4-717+,utig4-718+,utig4-1857+	HG00329	46	no-match	-1
HG00329	haplotype1-0000027	HG00329_haplotype1-0000027	UNPLACED	haplotype1_from_utig4-997	utig4-1182-,utig4-1181+,utig4-1184+,utig4-1754+,utig4-810-,utig4-806-,utig4-807+,utig4-1102-,utig4-100-,utig4-97-,utig4-98+,utig4-999-,utig4-996-,utig4-994+,utig4-997+,utig4-1111-,utig4-927-,utig4-926+,utig4-930+,utig4-1724-,utig4-1449-,utig4-1447+,utig4-714-,utig4-712+,utig4-715+,utig4-1144-,utig4-1145+,utig4-1760+,[N5000N:ambig_path],utig4-862-,[N907372N:tangle],utig4-845-,utig4-844+,utig4-847+,utig4-1703+,utig4-1511-,utig4-1510+,utig4-95-,utig4-91-,utig4-93+,utig4-781-,utig4-782+,utig4-1785-,utig4-1591-,utig4-1590-,utig4-670-,utig4-669+,utig4-673+,[N1000N:alt-utig4-672],utig4-1640-,utig4-1639+,utig4-110-,utig4-107-,utig4-109+	HG00329	47	no-match	-1
HG00329	haplotype1-0000028	HG00329_haplotype1-0000028	UNPLACED	haplotype1_unused_utig4-1005	utig4-1005+	HG00329	48	no-match	-1
HG00329	haplotype1-0000029	HG00329_haplotype1-0000029	UNPLACED	haplotype1_unused_utig4-1006	utig4-1006+	HG00329	49	no-match	-1
HG00329	haplotype1-0000035	HG00329_haplotype1-0000035	UNPLACED	haplotype1_unused_utig4-1211	utig4-1211+	HG00329	50	match	187
HG00329	haplotype1-0000036	HG00329_haplotype1-0000036	UNPLACED	haplotype1_unused_utig4-1213	utig4-1213+	HG00329	51	match	3519
HG00329	haplotype1-0000037	HG00329_haplotype1-0000037	UNPLACED	haplotype1_unused_utig4-1214	utig4-1214+	HG00329	52	match	374
HG00329	haplotype1-0000038	HG00329_haplotype1-0000038	UNPLACED	haplotype1_unused_utig4-1215	utig4-1215+	HG00329	53	match	1328
HG00329	haplotype1-0000039	HG00329_haplotype1-0000039	UNPLACED	haplotype1_unused_utig4-1216	utig4-1216+	HG00329	54	match	3449
HG00329	haplotype1-0000040	HG00329_haplotype1-0000040	UNPLACED	haplotype1_unused_utig4-1555	utig4-1555+	HG00329	55	no-match	-1
HG00329	haplotype1-0000041	HG00329_haplotype1-0000041	UNPLACED	haplotype1_unused_utig4-1562	utig4-1562+	HG00329	56	no-match	-1
HG00329	haplotype1-0000046	HG00329_haplotype1-0000046	UNPLACED	haplotype1_unused_utig4-1748	utig4-1748+	HG00329	57	match	711
HG00329	haplotype1-0000047	HG00329_haplotype1-0000047	UNPLACED	haplotype1_unused_utig4-1749	utig4-1749+	HG00329	58	match	1431
HG00329	haplotype1-0000048	HG00329_haplotype1-0000048	UNPLACED	haplotype1_unused_utig4-1761	utig4-1761+	HG00329	59	no-match	-1
HG00329	haplotype1-0000049	HG00329_haplotype1-0000049	UNPLACED	haplotype1_unused_utig4-1762	utig4-1762+	HG00329	60	no-match	-1
HG00329	haplotype1-0000053	HG00329_haplotype1-0000053	UNPLACED	haplotype1_unused_utig4-588	utig4-588+	HG00329	61	match	1629
HG00329	haplotype1-0000054	HG00329_haplotype1-0000054	UNPLACED	haplotype1_unused_utig4-771	utig4-771+	HG00329	62	no-match	-1
HG00329	haplotype1-0000055	HG00329_haplotype1-0000055	UNPLACED	haplotype1_unused_utig4-772	utig4-772+	HG00329	63	no-match	-1
HG00329	haplotype1-0000056	HG00329_haplotype1-0000056	UNPLACED	haplotype1_unused_utig4-855	utig4-855+	HG00329	64	no-match	-1
HG00329	haplotype1-0000057	HG00329_haplotype1-0000057	UNPLACED	haplotype1_unused_utig4-856	utig4-856+	HG00329	65	no-match	-1
HG00329	haplotype1-0000058	HG00329_haplotype1-0000058	UNPLACED	haplotype1_unused_utig4-857	utig4-857+	HG00329	66	no-match	-1
HG00329	haplotype1-0000059	HG00329_haplotype1-0000059	UNPLACED	haplotype1_unused_utig4-858	utig4-858+	HG00329	67	no-match	-1
HG00329	haplotype1-0000060	HG00329_haplotype1-0000060	UNPLACED	haplotype1_unused_utig4-859	utig4-859+	HG00329	68	no-match	-1
HG00329	haplotype1-0000061	HG00329_haplotype1-0000061	UNPLACED	haplotype1_unused_utig4-860	utig4-860+	HG00329	69	no-match	-1
HG00329	haplotype1-0000062	HG00329_haplotype1-0000062	UNPLACED	haplotype1_unused_utig4-861	utig4-861+	HG00329	70	no-match	-1
HG00329	haplotype1-0000063	HG00329_haplotype1-0000063	UNPLACED	haplotype1_unused_utig4-864	utig4-864+	HG00329	71	no-match	-1
HG00329	haplotype1-0000064	HG00329_haplotype1-0000064	UNPLACED	haplotype1_unused_utig4-873	utig4-873+	HG00329	72	match	142
HG00329	haplotype2-0000074	HG00329_haplotype2-0000074	UNPLACED	haplotype2_from_utig4-1589	utig4-1443+,utig4-1739-,utig4-821-,utig4-817-,utig4-819+,utig4-1544+,utig4-1546+,utig4-1684+,utig4-59-,utig4-56-,utig4-57+,utig4-1461+,utig4-617-,utig4-616+,utig4-619+,utig4-1794-,utig4-841-,utig4-840+,utig4-241-,utig4-240+,utig4-243+,utig4-1841+,utig4-1473-,utig4-1470-,utig4-1472+,utig4-1772-,utig4-1774+,utig4-1862-,utig4-1701-,utig4-1699-,utig4-1167-,utig4-1164-,utig4-1166+,utig4-1548-,utig4-899-,utig4-897-,utig4-137-,utig4-135+,utig4-138+,utig4-690+,utig4-691+,utig4-1587-,utig4-1589+,utig4-1763-,utig4-1568-,utig4-1566-,utig4-560-,utig4-557-,utig4-558+,utig4-561+,utig4-1109-,utig4-697-,utig4-696+,utig4-700+,utig4-919+,utig4-921+,utig4-1783+,utig4-158-,utig4-156+,utig4-159+,utig4-1799+,utig4-646-,utig4-645+,utig4-649+,utig4-1193-,utig4-1194+,utig4-1792+,utig4-49-,utig4-46-,utig4-47+,utig4-613-,utig4-615+,utig4-778-,utig4-779+,utig4-1651+,utig4-1652+,utig4-1780+,utig4-1620-,utig4-1617-,utig4-1618+,utig4-815-,utig4-813-,utig4-811+,utig4-814+	HG00329	73	no-match	-1
HG00329	haplotype2-0000080	HG00329_haplotype2-0000080	UNPLACED	haplotype2_from_utig4-182	utig4-1338-,utig4-1340+,utig4-1848-,utig4-1483-,utig4-1481-,utig4-635-,utig4-634-,utig4-184-,utig4-181-,utig4-182+,utig4-1621+,utig4-1204-,utig4-1201-,utig4-1202+,utig4-1532-,utig4-1533+	HG00329	74	no-match	-1
HG00329	haplotype2-0000081	HG00329_haplotype2-0000081	UNPLACED	haplotype2_from_utig4-1825	utig4-1559-,utig4-1555-,utig4-1556+,utig4-1823+,utig4-1825+,[N1302219N:alt-utig4-1756],utig4-1757-,utig4-1755+,utig4-29-,utig4-26-,utig4-28+,utig4-1440+,utig4-1441+	HG00329	75	no-match	-1
HG00329	haplotype2-0000082	HG00329_haplotype2-0000082	UNPLACED	haplotype2_from_utig4-1859	utig4-1857-,utig4-1859+,utig4-877-,utig4-875+	HG00329	76	no-match	-1
HG00329	haplotype2-0000088	HG00329_haplotype2-0000088	UNPLACED	haplotype2_from_utig4-653	utig4-1446-,utig4-1444+,utig4-1222-,utig4-1221+,utig4-736-,utig4-735+,utig4-661-,utig4-660-,utig4-481-,utig4-477-,utig4-479+,utig4-1722+,utig4-1077-,utig4-1073-,utig4-1075+,utig4-1741-,utig4-908-,utig4-906-,utig4-726-,utig4-725+,utig4-729+,utig4-1615-,utig4-1565-,utig4-1563-,utig4-651-,utig4-650+,utig4-653+,utig4-931+,utig4-932+,utig4-1014-,utig4-1015+,utig4-1422+,utig4-1180-,utig4-1176-,utig4-1178+,utig4-609-,utig4-605-,utig4-601-,utig4-602+,utig4-1433-,utig4-1434+	HG00329	77	no-match	-1
HG00329	haplotype2-0000089	HG00329_haplotype2-0000089	UNPLACED	haplotype2_from_utig4-688	utig4-1413-,utig4-1412+,utig4-1416+,utig4-1600-,utig4-167-,utig4-166+,utig4-170+,utig4-626-,utig4-627+,utig4-1513-,utig4-1514+,utig4-1656-,utig4-1657+,utig4-1867-,utig4-1170-,utig4-1169+,utig4-1173+,utig4-1766-,utig4-775-,utig4-773+,utig4-777+,utig4-887-,utig4-888+,utig4-1189-,utig4-1191+,utig4-1872+,utig4-599-,[N336308N:alt-utig4-598],utig4-597-,utig4-596+,utig4-172-,utig4-171+,utig4-174+,utig4-687-,utig4-688+,utig4-1675+,utig4-1676+	HG00329	78	no-match	-1
HG00329	haplotype2-0000090	HG00329_haplotype2-0000090	UNPLACED	haplotype2_from_utig4-719	utig4-463+,utig4-717+,utig4-719+	HG00329	79	no-match	-1
HG00329	haplotype2-0000093	HG00329_haplotype2-0000093	UNPLACED	haplotype2_from_utig4-770	utig4-150-,utig4-148+,utig4-152+,utig4-1779-,utig4-1777+,utig4-65-,utig4-61-,utig4-63+,utig4-768-,utig4-770+,utig4-1715+,utig4-1716+,utig4-1821-,utig4-800-,[N100000N:scaffold],utig4-318+	HG00329	80	no-match	-1
HG00329	haplotype2-0000095	HG00329_haplotype2-0000095	UNPLACED	haplotype2_from_utig4-783	utig4-1275-,utig4-421-,utig4-419+,utig4-846-,utig4-844+,utig4-848+,utig4-1703+,utig4-1512-,utig4-1510+,utig4-94-,utig4-91-,utig4-92+,utig4-781-,utig4-783+,utig4-1785-,utig4-1592-,utig4-1590-,utig4-671-,utig4-669+,utig4-672+,utig4-1639+,utig4-111-,utig4-107-,utig4-108+	HG00329	81	no-match	-1
HG00329	haplotype2-0000096	HG00329_haplotype2-0000096	UNPLACED	haplotype2_from_utig4-998	utig4-1183-,utig4-1181+,utig4-1185+,utig4-1754+,utig4-809-,utig4-806-,utig4-808+,utig4-1102-,utig4-101-,utig4-97-,utig4-99+,utig4-999-,utig4-995-,utig4-994+,utig4-998+,utig4-1111-,utig4-928-,utig4-926+,utig4-929+,utig4-1724-,utig4-1448-,utig4-1447+,utig4-713-,utig4-712+,utig4-716+,utig4-1144-,utig4-1146+,utig4-850-	HG00329	82	no-match	-1
HG00329	haplotype2-0000109	HG00329_haplotype2-0000109	UNPLACED	haplotype2_unused_utig4-771	utig4-771+	HG00329	83	no-match	-1
HG00329	haplotype2-0000110	HG00329_haplotype2-0000110	UNPLACED	haplotype2_unused_utig4-772	utig4-772+	HG00329	84	no-match	-1
HG00329	unassigned-0000158	HG00329_unassigned-0000158	UNPLACED	na_unused_utig4-1171	utig4-1171+	HG00329	85	no-match	-1
HG00329	unassigned-0000159	HG00329_unassigned-0000159	UNPLACED	na_unused_utig4-1172	utig4-1172+	HG00329	86	no-match	-1
HG00329	unassigned-0000343	HG00329_unassigned-0000343	UNPLACED	na_unused_utig4-1545	utig4-1545+	HG00329	87	no-match	-1
HG00329	unassigned-0000345	HG00329_unassigned-0000345	UNPLACED	na_unused_utig4-1557	utig4-1557+	HG00329	88	no-match	-1
HG00329	unassigned-0000346	HG00329_unassigned-0000346	UNPLACED	na_unused_utig4-1558	utig4-1558+	HG00329	89	no-match	-1
HG00329	unassigned-0000375	HG00329_unassigned-0000375	UNPLACED	na_unused_utig4-1758	utig4-1758+	HG00329	90	no-match	-1
HG00329	unassigned-0000405	HG00329_unassigned-0000405	UNPLACED	na_unused_utig4-1868	utig4-1868+	HG00329	91	no-match	-1
HG00329	unassigned-0000564	HG00329_unassigned-0000564	UNPLACED	na_unused_utig4-420	utig4-420+	HG00329	92	no-match	-1
HG00329	unassigned-0000599	HG00329_unassigned-0000599	UNPLACED	na_unused_utig4-465	utig4-465+	HG00329	93	no-match	-1
HG00329	unassigned-0000609	HG00329_unassigned-0000609	UNPLACED	na_unused_utig4-484	utig4-484+	HG00329	94	no-match	-1
HG00329	unassigned-0000610	HG00329_unassigned-0000610	UNPLACED	na_unused_utig4-485	utig4-485+	HG00329	95	no-match	-1
HG00329	unassigned-0000649	HG00329_unassigned-0000649	UNPLACED	na_unused_utig4-548	utig4-548+	HG00329	96	no-match	-1
HG00329	unassigned-0000660	HG00329_unassigned-0000660	UNPLACED	na_unused_utig4-589	utig4-589+	HG00329	97	no-match	-1
HG00329	unassigned-0000661	HG00329_unassigned-0000661	UNPLACED	na_unused_utig4-590	utig4-590+	HG00329	98	match	1934
HG00329	unassigned-0000662	HG00329_unassigned-0000662	UNPLACED	na_unused_utig4-604	utig4-604+	HG00329	99	no-match	-1
HG00329	unassigned-0000663	HG00329_unassigned-0000663	UNPLACED	na_unused_utig4-606	utig4-606+	HG00329	100	no-match	-1
HG00329	unassigned-0000664	HG00329_unassigned-0000664	UNPLACED	na_unused_utig4-607	utig4-607+	HG00329	101	no-match	-1
HG00329	unassigned-0000667	HG00329_unassigned-0000667	UNPLACED	na_unused_utig4-692	utig4-692+	HG00329	102	no-match	-1
HG00329	unassigned-0000668	HG00329_unassigned-0000668	UNPLACED	na_unused_utig4-693	utig4-693+	HG00329	103	no-match	-1
HG00329	unassigned-0000669	HG00329_unassigned-0000669	UNPLACED	na_unused_utig4-694	utig4-694+	HG00329	104	no-match	-1
HG00329	unassigned-0000680	HG00329_unassigned-0000680	UNPLACED	na_unused_utig4-816	utig4-816+	HG00329	105	no-match	-1
HG00329	unassigned-0000698	HG00329_unassigned-0000698	UNPLACED	na_unused_utig4-874	utig4-874+	HG00329	106	match	3212
HG005	pat-0001218	HG005_pat-0001218	SCAFFOLD	pat_from_utig4-291	utig4-292-,utig4-291+,utig4-982-,utig4-984+,utig4-985-	NA24631	107	match	756
HG005	pat-0001233	HG005_pat-0001233	SCAFFOLD	pat_from_utig4-939	utig4-939+	NA24631	108	match	1890
HG005	pat-0001337	HG005_pat-0001337	UNPLACED	pat_unused_utig4-983	utig4-983+	NA24631	109	match	543
HG00609	haplotype1-0000011	HG00609_haplotype1-0000011	SCAFFOLD	haplotype1_from_utig4-2048	utig4-2048+,utig4-2624-	HG00609	110	match	1615
HG00609	unassigned-0000596	HG00609_unassigned-0000596	UNPLACED	na_unused_utig4-755	utig4-755+	HG00609	111	no-match	-1
HG00621	pat-0000611	HG00621_pat-0000611	SCAFFOLD	pat_from_utig4-1003	utig4-1003+,utig4-1004+,utig4-1005+,utig4-2187+,utig4-2186+	HG00621	112	match	157
HG00642	haplotype1-0000004	HG00642_haplotype1-0000004	SCAFFOLD	haplotype1_from_utig4-1259	utig4-1259+	HG00642	113	match	2007
HG00658	pat-0000523	HG00658_pat-0000523	UNPLACED	pat_from_utig4-1053	utig4-1053+	HG00658	114	match	165
HG00658	pat-0000526	HG00658_pat-0000526	UNPLACED	pat_from_utig4-1282	utig4-1282+,utig4-1699-	HG00658	115	match	2089
HG00658	pat-0000527	HG00658_pat-0000527	UNPLACED	pat_from_utig4-1283	utig4-1281+,utig4-1283+	HG00658	116	match	93
HG00658	pat-0000536	HG00658_pat-0000536	UNPLACED	pat_from_utig4-1697	utig4-1697+,utig4-2121-	HG00658	117	match	1214
HG00658	pat-0000537	HG00658_pat-0000537	SCAFFOLD	pat_from_utig4-1705	utig4-1705+,utig4-1819-,utig4-1081-,utig4-1078-	HG00658	118	match	2263
HG00658	pat-0000544	HG00658_pat-0000544	SCAFFOLD	pat_from_utig4-416	utig4-416+,utig4-1742-,[N13129N:ambig_bubble],utig4-1745-,utig4-63+,[N100000N:scaffold],utig4-64+,utig4-1698-,utig4-1694-,[N92692N:ambig_bubble],utig4-1907-,utig4-1905-,[N100000N:scaffold],utig4-698-,[N29455N:ambig_bubble],utig4-2119+,utig4-2120+,utig4-1952-,utig4-1951+	HG00658	119	match	972
HG00658	pat-0000571	HG00658_pat-0000571	UNPLACED	pat_unused_utig4-1054	utig4-1054+	HG00658	120	match	2300
HG00658	pat-0000583	HG00658_pat-0000583	UNPLACED	pat_unused_utig4-1079	utig4-1079+	HG00658	121	match	3121
HG00658	pat-0000584	HG00658_pat-0000584	UNPLACED	pat_unused_utig4-1080	utig4-1080+	HG00658	122	match	87
HG00658	pat-0000585	HG00658_pat-0000585	UNPLACED	pat_unused_utig4-1082	utig4-1082+	HG00658	123	match	825
HG00658	pat-0000586	HG00658_pat-0000586	UNPLACED	pat_unused_utig4-1083	utig4-1083+	HG00658	124	match	1559
HG00658	pat-0000600	HG00658_pat-0000600	UNPLACED	pat_unused_utig4-1245	utig4-1245+	HG00658	125	match	2710
HG00658	pat-0000601	HG00658_pat-0000601	UNPLACED	pat_unused_utig4-1246	utig4-1246+	HG00658	126	match	315
HG00658	pat-0000602	HG00658_pat-0000602	UNPLACED	pat_unused_utig4-1247	utig4-1247+	HG00658	127	match	1281
HG00658	pat-0000604	HG00658_pat-0000604	UNPLACED	pat_unused_utig4-1277	utig4-1277+	HG00658	128	match	1808
HG00658	pat-0000605	HG00658_pat-0000605	UNPLACED	pat_unused_utig4-1278	utig4-1278+	HG00658	129	match	1541
HG00658	pat-0000606	HG00658_pat-0000606	UNPLACED	pat_unused_utig4-1279	utig4-1279+	HG00658	130	match	6
HG00658	pat-0000607	HG00658_pat-0000607	UNPLACED	pat_unused_utig4-1280	utig4-1280+	HG00658	131	match	1399
HG00658	pat-0000608	HG00658_pat-0000608	UNPLACED	pat_unused_utig4-1284	utig4-1284+	HG00658	132	match	553
HG00658	pat-0000644	HG00658_pat-0000644	UNPLACED	pat_unused_utig4-1438	utig4-1438+	HG00658	133	match	631
HG00658	pat-0000645	HG00658_pat-0000645	UNPLACED	pat_unused_utig4-1439	utig4-1439+	HG00658	134	match	199
HG00658	pat-0000646	HG00658_pat-0000646	UNPLACED	pat_unused_utig4-1440	utig4-1440+	HG00658	135	match	1489
HG00658	pat-0000647	HG00658_pat-0000647	UNPLACED	pat_unused_utig4-1441	utig4-1441+	HG00658	136	match	581
HG00658	pat-0000664	HG00658_pat-0000664	UNPLACED	pat_unused_utig4-1688	utig4-1688+	HG00658	137	match	647
HG00658	pat-0000668	HG00658_pat-0000668	UNPLACED	pat_unused_utig4-1695	utig4-1695+	HG00658	138	match	1549
HG00658	pat-0000669	HG00658_pat-0000669	UNPLACED	pat_unused_utig4-1696	utig4-1696+	HG00658	139	match	1528
HG00658	pat-0000670	HG00658_pat-0000670	UNPLACED	pat_unused_utig4-1710	utig4-1710+	HG00658	140	match	1531
HG00658	pat-0000677	HG00658_pat-0000677	UNPLACED	pat_unused_utig4-1743	utig4-1743+	HG00658	141	match	2041
HG00658	pat-0000678	HG00658_pat-0000678	UNPLACED	pat_unused_utig4-1744	utig4-1744+	HG00658	142	match	1826
HG00658	pat-0000679	HG00658_pat-0000679	UNPLACED	pat_unused_utig4-1746	utig4-1746+	HG00658	143	match	646
HG00658	pat-0000680	HG00658_pat-0000680	UNPLACED	pat_unused_utig4-1747	utig4-1747+	HG00658	144	match	713
HG00658	pat-0000681	HG00658_pat-0000681	UNPLACED	pat_unused_utig4-1748	utig4-1748+	HG00658	145	match	974
HG00658	pat-0000702	HG00658_pat-0000702	UNPLACED	pat_unused_utig4-1841	utig4-1841+	HG00658	146	match	150
HG00658	pat-0000703	HG00658_pat-0000703	UNPLACED	pat_unused_utig4-1842	utig4-1842+	HG00658	147	match	749
HG00658	pat-0000704	HG00658_pat-0000704	UNPLACED	pat_unused_utig4-1843	utig4-1843+	HG00658	148	match	283
HG00658	pat-0000705	HG00658_pat-0000705	UNPLACED	pat_unused_utig4-1844	utig4-1844+	HG00658	149	match	821
HG00658	pat-0000706	HG00658_pat-0000706	UNPLACED	pat_unused_utig4-1845	utig4-1845+	HG00658	150	match	1091
HG00658	pat-0000726	HG00658_pat-0000726	UNPLACED	pat_unused_utig4-1906	utig4-1906+	HG00658	151	match	690
HG00658	pat-0000727	HG00658_pat-0000727	UNPLACED	pat_unused_utig4-1908	utig4-1908+	HG00658	152	match	2930
HG00658	pat-0000765	HG00658_pat-0000765	UNPLACED	pat_unused_utig4-2022	utig4-2022+	HG00658	153	match	1213
HG00658	pat-0000808	HG00658_pat-0000808	UNPLACED	pat_unused_utig4-62	utig4-62+	HG00658	154	match	561
HG00658	pat-0000813	HG00658_pat-0000813	UNPLACED	pat_unused_utig4-699	utig4-699+	HG00658	155	match	733
HG00658	pat-0000814	HG00658_pat-0000814	UNPLACED	pat_unused_utig4-700	utig4-700+	HG00658	156	match	12
HG00658	pat-0000815	HG00658_pat-0000815	UNPLACED	pat_unused_utig4-701	utig4-701+	HG00658	157	match	1811
HG00658	pat-0000816	HG00658_pat-0000816	UNPLACED	pat_unused_utig4-702	utig4-702+	HG00658	158	match	3271
HG00658	pat-0000817	HG00658_pat-0000817	UNPLACED	pat_unused_utig4-703	utig4-703+	HG00658	159	match	1216
HG00658	pat-0000820	HG00658_pat-0000820	UNPLACED	pat_unused_utig4-772	utig4-772+	HG00658	160	match	260
HG00658	pat-0000821	HG00658_pat-0000821	UNPLACED	pat_unused_utig4-773	utig4-773+	HG00658	161	match	776
HG00658	pat-0000822	HG00658_pat-0000822	UNPLACED	pat_unused_utig4-813	utig4-813+	HG00658	162	match	186
HG00658	pat-0000823	HG00658_pat-0000823	UNPLACED	pat_unused_utig4-814	utig4-814+	HG00658	163	match	2365
HG00658	pat-0000824	HG00658_pat-0000824	UNPLACED	pat_unused_utig4-815	utig4-815+	HG00658	164	match	1181
HG00658	pat-0000825	HG00658_pat-0000825	UNPLACED	pat_unused_utig4-816	utig4-816+	HG00658	165	match	1406
HG00658	pat-0000826	HG00658_pat-0000826	UNPLACED	pat_unused_utig4-817	utig4-817+	HG00658	166	match	2707
HG00658	pat-0000827	HG00658_pat-0000827	UNPLACED	pat_unused_utig4-818	utig4-818+	HG00658	167	match	2028
HG00658	pat-0000828	HG00658_pat-0000828	UNPLACED	pat_unused_utig4-819	utig4-819+	HG00658	168	match	984
HG00673	haplotype1-0000004	HG00673_haplotype1-0000004	UNPLACED	haplotype1_from_utig4-1440	utig4-1440+	HG00673	169	match	3918
HG00673	haplotype1-0000006	HG00673_haplotype1-0000006	UNPLACED	haplotype1_from_utig4-1504	utig4-1504+	HG00673	170	match	2206
HG00673	haplotype1-0000007	HG00673_haplotype1-0000007	UNPLACED	haplotype1_from_utig4-1505	utig4-1505+,utig4-2969-,utig4-1984-,utig4-1982+,[N165516N:ambig_bubble],utig4-2838-	HG00673	171	match	491
HG00673	haplotype1-0000012	HG00673_haplotype1-0000012	SCAFFOLD	haplotype1_from_utig4-2015	utig4-1500-,utig4-1501+,utig4-2014-,utig4-383-,utig4-381+,[N5000N:ambig_path],utig4-2015+	HG00673	172	match	3846
HG00673	haplotype1-0000037	HG00673_haplotype1-0000037	UNPLACED	haplotype1_unused_utig4-1681	utig4-1681+	HG00673	173	match	2274
HG00673	haplotype1-0000047	HG00673_haplotype1-0000047	UNPLACED	haplotype1_unused_utig4-1972	utig4-1972+	HG00673	174	match	520
HG00673	haplotype2-0000096	HG00673_haplotype2-0000096	SCAFFOLD	haplotype2_from_utig4-1439	utig4-1439+	HG00673	175	match	3579
HG00673	haplotype2-0000109	HG00673_haplotype2-0000109	UNPLACED	haplotype2_from_utig4-382	utig4-382+,utig4-424+,utig4-2014+	HG00673	176	match	722
HG00673	haplotype2-0000139	HG00673_haplotype2-0000139	UNPLACED	haplotype2_unused_utig4-1971	utig4-1971+	HG00673	177	match	1586
HG00673	unassigned-0000176	HG00673_unassigned-0000176	UNPLACED	na_unused_utig4-1441	utig4-1441+	HG00673	178	match	2042
HG00673	unassigned-0000195	HG00673_unassigned-0000195	UNPLACED	na_unused_utig4-1502	utig4-1502+	HG00673	179	match	1455
HG00673	unassigned-0000196	HG00673_unassigned-0000196	UNPLACED	na_unused_utig4-1503	utig4-1503+	HG00673	180	match	1535
HG00673	unassigned-0000197	HG00673_unassigned-0000197	UNPLACED	na_unused_utig4-1506	utig4-1506+	HG00673	181	match	2278
HG00673	unassigned-0000261	HG00673_unassigned-0000261	UNPLACED	na_unused_utig4-1682	utig4-1682+	HG00673	182	match	2155
HG00673	unassigned-0000262	HG00673_unassigned-0000262	UNPLACED	na_unused_utig4-1683	utig4-1683+	HG00673	183	match	3520
HG00673	unassigned-0000263	HG00673_unassigned-0000263	UNPLACED	na_unused_utig4-1684	utig4-1684+	HG00673	184	match	2948
HG00673	unassigned-0000264	HG00673_unassigned-0000264	UNPLACED	na_unused_utig4-1685	utig4-1685+	HG00673	185	match	416
HG00673	unassigned-0000265	HG00673_unassigned-0000265	UNPLACED	na_unused_utig4-1687	utig4-1687+	HG00673	186	match	447
HG00673	unassigned-0000266	HG00673_unassigned-0000266	UNPLACED	na_unused_utig4-1688	utig4-1688+	HG00673	187	match	128
HG00673	unassigned-0000267	HG00673_unassigned-0000267	UNPLACED	na_unused_utig4-1689	utig4-1689+	HG00673	188	match	2958
HG00673	unassigned-0000268	HG00673_unassigned-0000268	UNPLACED	na_unused_utig4-1690	utig4-1690+	HG00673	189	match	1175
HG00673	unassigned-0000270	HG00673_unassigned-0000270	UNPLACED	na_unused_utig4-1694	utig4-1694+	HG00673	190	match	503
HG00673	unassigned-0000271	HG00673_unassigned-0000271	UNPLACED	na_unused_utig4-1695	utig4-1695+	HG00673	191	match	2586
HG00673	unassigned-0000272	HG00673_unassigned-0000272	UNPLACED	na_unused_utig4-1696	utig4-1696+	HG00673	192	match	2319
HG00673	unassigned-0000273	HG00673_unassigned-0000273	UNPLACED	na_unused_utig4-1697	utig4-1697+	HG00673	193	match	282
HG00673	unassigned-0000274	HG00673_unassigned-0000274	UNPLACED	na_unused_utig4-1698	utig4-1698+	HG00673	194	match	1364
HG00673	unassigned-0000371	HG00673_unassigned-0000371	UNPLACED	na_unused_utig4-1853	utig4-1853+	HG00673	195	match	1962
HG00673	unassigned-0000372	HG00673_unassigned-0000372	UNPLACED	na_unused_utig4-1854	utig4-1854+	HG00673	196	match	1595
HG00673	unassigned-0000373	HG00673_unassigned-0000373	UNPLACED	na_unused_utig4-1855	utig4-1855+	HG00673	197	match	2658
HG00673	unassigned-0000374	HG00673_unassigned-0000374	UNPLACED	na_unused_utig4-1856	utig4-1856+	HG00673	198	match	29
HG00673	unassigned-0000379	HG00673_unassigned-0000379	UNPLACED_Cmpnt	na_unused_utig4-1882	utig4-1882+	HG00673	199	no-match	-1
HG00673	unassigned-0000395	HG00673_unassigned-0000395	UNPLACED	na_unused_utig4-1970	utig4-1970+	HG00673	200	match	1408
HG00673	unassigned-0000397	HG00673_unassigned-0000397	UNPLACED	na_unused_utig4-1983	utig4-1983+	HG00673	201	match	2436
HG00673	unassigned-0000398	HG00673_unassigned-0000398	UNPLACED	na_unused_utig4-1985	utig4-1985+	HG00673	202	match	3249
HG00673	unassigned-0000399	HG00673_unassigned-0000399	UNPLACED	na_unused_utig4-1986	utig4-1986+	HG00673	203	match	537
HG00673	unassigned-0000524	HG00673_unassigned-0000524	UNPLACED	na_unused_utig4-2272	utig4-2272+	HG00673	204	match	359
HG00673	unassigned-0000541	HG00673_unassigned-0000541	UNPLACED	na_unused_utig4-2387	utig4-2387+	HG00673	205	match	865
HG00673	unassigned-0000542	HG00673_unassigned-0000542	UNPLACED	na_unused_utig4-2388	utig4-2388+	HG00673	206	match	2928
HG00673	unassigned-0000641	HG00673_unassigned-0000641	UNPLACED	na_unused_utig4-2832	utig4-2832+	HG00673	207	match	1821
HG00673	unassigned-0000685	HG00673_unassigned-0000685	UNPLACED	na_unused_utig4-2909	utig4-2909+	HG00673	208	match	2794
HG00673	unassigned-0000730	HG00673_unassigned-0000730	UNPLACED	na_unused_utig4-560	utig4-560+	HG00673	209	match	2942
HG00673	unassigned-0000731	HG00673_unassigned-0000731	UNPLACED	na_unused_utig4-561	utig4-561+	HG00673	210	match	478
HG00673	unassigned-0000732	HG00673_unassigned-0000732	UNPLACED	na_unused_utig4-562	utig4-562+	HG00673	211	match	2852
HG00673	unassigned-0000733	HG00673_unassigned-0000733	UNPLACED	na_unused_utig4-563	utig4-563+	HG00673	212	match	3137
HG00673	unassigned-0000734	HG00673_unassigned-0000734	UNPLACED	na_unused_utig4-564	utig4-564+	HG00673	213	match	3663
HG00706	haplotype1-0000020	HG00706_haplotype1-0000020	SCAFFOLD	haplotype1_from_utig4-2897	utig4-3278-,[N100000N:scaffold],utig4-3209+,utig4-3212+,utig4-2896-,utig4-2895+,[N5000N:ambig_path],utig4-2897+,[N100000N:scaffold],utig4-3161+	HG00706	214	match	719
HG00706	haplotype2-0000074	HG00706_haplotype2-0000074	UNPLACED	haplotype2_from_utig4-2358	utig4-2358+	HG00706	215	match	1798
HG00706	haplotype2-0000075	HG00706_haplotype2-0000075	UNPLACED	haplotype2_from_utig4-2359	utig4-2354+,utig4-2359+,utig4-3305-,utig4-3304+,[N182972N:ambig_bubble],utig4-1552+,utig4-2512-,[N34116N:ambig_bubble],utig4-3156-	HG00706	216	match	2941
HG00706	haplotype2-0000076	HG00706_haplotype2-0000076	UNPLACED	haplotype2_from_utig4-2503	utig4-966+,utig4-2501-,[N5000N:ambig_path],utig4-2503+,utig4-2898+,[N64005N:scaffold],utig4-3311+	HG00706	217	no-match	-1
HG00706	haplotype2-0000090	HG00706_haplotype2-0000090	UNPLACED	haplotype2_unused_utig4-1553	utig4-1553+	HG00706	218	match	3851
HG00706	haplotype2-0000091	HG00706_haplotype2-0000091	UNPLACED	haplotype2_unused_utig4-1554	utig4-1554+	HG00706	219	match	2722
HG00706	haplotype2-0000111	HG00706_haplotype2-0000111	UNPLACED	haplotype2_unused_utig4-2360	utig4-2360+	HG00706	220	match	379
HG00706	haplotype2-0000112	HG00706_haplotype2-0000112	UNPLACED	haplotype2_unused_utig4-2361	utig4-2361+	HG00706	221	match	1701
HG00706	haplotype2-0000122	HG00706_haplotype2-0000122	UNPLACED	haplotype2_unused_utig4-2899	utig4-2899+	HG00706	222	match	1354
HG00706	haplotype2-0000124	HG00706_haplotype2-0000124	UNPLACED	haplotype2_unused_utig4-3159	utig4-3159+	HG00706	223	match	531
HG00706	haplotype2-0000125	HG00706_haplotype2-0000125	UNPLACED	haplotype2_unused_utig4-3160	utig4-3160+	HG00706	224	match	358
HG00706	unassigned-0000388	HG00706_unassigned-0000388	UNPLACED_Cmpnt	na_unused_utig4-2111	utig4-2111+	HG00706	225	no-match	-1
HG00706	unassigned-0000560	HG00706_unassigned-0000560	UNPLACED	na_unused_utig4-2355	utig4-2355+	HG00706	226	match	3483
HG00706	unassigned-0000561	HG00706_unassigned-0000561	UNPLACED	na_unused_utig4-2356	utig4-2356+	HG00706	227	match	3226
HG00706	unassigned-0000562	HG00706_unassigned-0000562	UNPLACED	na_unused_utig4-2357	utig4-2357+	HG00706	228	match	3627
HG00706	unassigned-0000567	HG00706_unassigned-0000567	UNPLACED	na_unused_utig4-2369	utig4-2369+	HG00706	229	match	1779
HG00706	unassigned-0000568	HG00706_unassigned-0000568	UNPLACED	na_unused_utig4-2370	utig4-2370+	HG00706	230	match	989
HG00706	unassigned-0000569	HG00706_unassigned-0000569	UNPLACED_Cmpnt	na_unused_utig4-2371	utig4-2371+	HG00706	231	no-match	-1
HG00706	unassigned-0000615	HG00706_unassigned-0000615	UNPLACED	na_unused_utig4-2437	utig4-2437+	HG00706	232	match	3005
HG00706	unassigned-0000616	HG00706_unassigned-0000616	UNPLACED	na_unused_utig4-2438	utig4-2438+	HG00706	233	match	2301
HG00706	unassigned-0000617	HG00706_unassigned-0000617	UNPLACED	na_unused_utig4-2439	utig4-2439+	HG00706	234	match	2154
HG00706	unassigned-0000618	HG00706_unassigned-0000618	UNPLACED	na_unused_utig4-2440	utig4-2440+	HG00706	235	match	1245
HG00706	unassigned-0000619	HG00706_unassigned-0000619	UNPLACED	na_unused_utig4-2441	utig4-2441+	HG00706	236	match	2649
HG00706	unassigned-0000655	HG00706_unassigned-0000655	UNPLACED	na_unused_utig4-2513	utig4-2513+	HG00706	237	match	200
HG00706	unassigned-0000656	HG00706_unassigned-0000656	UNPLACED	na_unused_utig4-2514	utig4-2514+	HG00706	238	match	1248
HG00706	unassigned-0000657	HG00706_unassigned-0000657	UNPLACED	na_unused_utig4-2515	utig4-2515+	HG00706	239	match	2853
HG00706	unassigned-0000930	HG00706_unassigned-0000930	UNPLACED	na_unused_utig4-3157	utig4-3157+	HG00706	240	match	2756
HG00706	unassigned-0000961	HG00706_unassigned-0000961	UNPLACED	na_unused_utig4-3210	utig4-3210+	HG00706	241	match	3643
HG00706	unassigned-0000962	HG00706_unassigned-0000962	UNPLACED	na_unused_utig4-3211	utig4-3211+	HG00706	242	match	3504
HG00706	unassigned-0001016	HG00706_unassigned-0001016	UNPLACED	na_unused_utig4-3279	utig4-3279+	HG00706	243	match	853
HG00706	unassigned-0001023	HG00706_unassigned-0001023	UNPLACED	na_unused_utig4-3312	utig4-3312+	HG00706	244	match	2768
HG00738	pat-0000564	HG00738_pat-0000564	SCAFFOLD	pat_from_utig4-547	utig4-548-,utig4-545-,[N5000N:ambig_path],utig4-547+	HG00738	245	match	3281
HG00738	pat-0000713	HG00738_pat-0000713	UNPLACED	pat_unused_utig4-546	utig4-546+	HG00738	246	match	317
HG01074	haplotype1-0000019	HG01074_haplotype1-0000019	SCAFFOLD	haplotype1_from_utig4-702	utig4-702+	HG01074	247	match	1695
HG01099	haplotype1-0000013	HG01099_haplotype1-0000013	UNPLACED_Cmpnt	haplotype1_from_utig4-2308	utig4-2308+	HG01099	248	match	2604
HG01099	haplotype1-0000025	HG01099_haplotype1-0000025	SCAFFOLD	haplotype1_from_utig4-947	utig4-947+,utig4-1752+,utig4-1753+,utig4-2410-,[N5000N:ambig_path],utig4-443+	HG01099	249	match	2323
HG01099	haplotype2-0000107	HG01099_haplotype2-0000107	UNPLACED	haplotype2_unused_utig4-2411	utig4-2411+	HG01099	250	match	3256
HG01099	haplotype2-0000112	HG01099_haplotype2-0000112	UNPLACED	haplotype2_unused_utig4-444	utig4-444+	HG01099	251	match	375
HG01099	haplotype2-0000113	HG01099_haplotype2-0000113	UNPLACED	haplotype2_unused_utig4-445	utig4-445+	HG01099	252	match	566
HG01106	mat-0000007	HG01106_mat-0000007	UNPLACED_Cmpnt	mat_from_utig4-1324	utig4-1324+	HG01106	253	no-match	-1
HG01106	pat-0000759	HG01106_pat-0000759	SCAFFOLD	pat_from_utig4-1062	utig4-1062-,utig4-1061+,[N1000N:ambig_bubble],utig4-1066+,utig4-1067+	HG01106	254	match	2186
HG01106	pat-0000797	HG01106_pat-0000797	UNPLACED	pat_unused_utig4-1063	utig4-1063+	HG01106	255	match	2886
HG01106	pat-0000798	HG01106_pat-0000798	UNPLACED	pat_unused_utig4-1064	utig4-1064+	HG01106	256	match	231
HG01106	pat-0000799	HG01106_pat-0000799	UNPLACED	pat_unused_utig4-1065	utig4-1065+	HG01106	257	match	3399
HG01109	unassigned-0000931	HG01109_unassigned-0000931	UNPLACED	na_unused_utig4-910	utig4-910+	HG01109	258	no-match	-1
HG01109	unassigned-0000932	HG01109_unassigned-0000932	UNPLACED	na_unused_utig4-911	utig4-911+	HG01109	259	no-match	-1
HG01109	unassigned-0000933	HG01109_unassigned-0000933	UNPLACED	na_unused_utig4-912	utig4-912+	HG01109	260	no-match	-1
HG01109	pat-0000951	HG01109_pat-0000951	SCAFFOLD	pat_from_utig4-1312	utig4-1312+	HG01109	261	match	229
HG01109	pat-0000969	HG01109_pat-0000969	SCAFFOLD	pat_from_utig4-617	utig4-1475-,utig4-907-,utig4-615-,utig4-614-,utig4-617+,utig4-913+,utig4-914+,utig4-916+	HG01109	262	match	133
HG01109	pat-0000975	HG01109_pat-0000975	UNPLACED	pat_from_utig4-915	utig4-915+,utig4-918-	HG01109	263	match	2758
HG01109	pat-0000976	HG01109_pat-0000976	UNPLACED	pat_from_utig4-919	utig4-919+	HG01109	264	match	3743
HG01109	pat-0000977	HG01109_pat-0000977	UNPLACED	pat_from_utig4-920	utig4-920+	HG01109	265	match	1218
HG01109	pat-0001326	HG01109_pat-0001326	UNPLACED	pat_unused_utig4-921	utig4-921+	HG01109	266	match	3134
HG01167	haplotype1-0000001	HG01167_haplotype1-0000001	SCAFFOLD	haplotype1_from_utig4-1159	utig4-1157-,utig4-1158+,utig4-1159+,utig4-781-,utig4-737-,utig4-735+,utig4-514-,utig4-515+	HG01167	267	match	1604
HG01167	haplotype1-0000014	HG01167_haplotype1-0000014	UNPLACED	haplotype1_from_utig4-521	utig4-521+,[N5000N:ambig_path],utig4-736-,utig4-735+,utig4-522-	HG01167	268	match	2625
HG01167	haplotype2-0000160	HG01167_haplotype2-0000160	UNPLACED	haplotype2_unused_utig4-1151	utig4-1151+	HG01167	269	match	495
HG01167	unassigned-0000558	HG01167_unassigned-0000558	UNPLACED	na_unused_utig4-516	utig4-516+	HG01167	270	match	3630
HG01192	haplotype1-0000011	HG01192_haplotype1-0000011	SCAFFOLD	haplotype1_from_utig4-1601	utig4-649-,utig4-650+,utig4-1600+,utig4-1601+,utig4-2113+,utig4-2116+,utig4-2157-,utig4-2147-,utig4-2145-,utig4-2093-,utig4-2091+,utig4-2096+	HG01192	271	match	1086
HG01192	haplotype1-0000014	HG01192_haplotype1-0000014	UNPLACED	haplotype1_from_utig4-2114	utig4-2114+,utig4-2095-,utig4-2091-,utig4-2092+,utig4-2145+,utig4-2146+,utig4-2157+,utig4-2115-,utig4-2113-	HG01192	272	match	1392
HG01192	unassigned-0000352	HG01192_unassigned-0000352	UNPLACED	na_unused_utig4-2094	utig4-2094+	HG01192	273	match	3671
HG01243	haplotype1-0000012	HG01243_haplotype1-0000012	SCAFFOLD	haplotype1_from_utig4-2016	utig4-1317-,[N100000N:scaffold],utig4-479+,[N100000N:scaffold],utig4-2016-,[N5000N:ambig_path],utig4-821-,utig4-822+,utig4-3193+,utig4-3195+,utig4-3644-,[N100000N:scaffold],utig4-824-	HG01243	274	match	2472
HG01243	haplotype1-0000021	HG01243_haplotype1-0000021	SCAFFOLD	haplotype1_from_utig4-3165	utig4-3165+,utig4-3193+,utig4-3194+,utig4-3644-	HG01243	275	match	578
HG01243	haplotype1-0000051	HG01243_haplotype1-0000051	UNPLACED	haplotype1_unused_utig4-2017	utig4-2017+	HG01243	276	match	38
HG01243	haplotype1-0000052	HG01243_haplotype1-0000052	UNPLACED	haplotype1_unused_utig4-2018	utig4-2018+	HG01243	277	match	781
HG01243	haplotype1-0000071	HG01243_haplotype1-0000071	UNPLACED	haplotype1_unused_utig4-2579	utig4-2579+	HG01243	278	match	1447
HG01243	haplotype1-0000072	HG01243_haplotype1-0000072	UNPLACED	haplotype1_unused_utig4-2580	utig4-2580+	HG01243	279	match	2590
HG01243	haplotype1-0000073	HG01243_haplotype1-0000073	UNPLACED	haplotype1_unused_utig4-2581	utig4-2581+	HG01243	280	match	2367
HG01243	haplotype1-0000074	HG01243_haplotype1-0000074	UNPLACED	haplotype1_unused_utig4-2582	utig4-2582+	HG01243	281	match	1860
HG01243	haplotype1-0000075	HG01243_haplotype1-0000075	UNPLACED	haplotype1_unused_utig4-2597	utig4-2597+	HG01243	282	match	930
HG01243	haplotype1-0000175	HG01243_haplotype1-0000175	UNPLACED	haplotype1_unused_utig4-3645	utig4-3645+	HG01243	283	match	381
HG01243	haplotype1-0000188	HG01243_haplotype1-0000188	UNPLACED	haplotype1_unused_utig4-823	utig4-823+	HG01243	284	match	3165
HG01252	pat-0000532	HG01252_pat-0000532	SCAFFOLD	pat_from_utig4-825	utig4-823-,utig4-821+,utig4-825+	HG01252	285	match	1655
HG01255	haplotype1-0000016	HG01255_haplotype1-0000016	SCAFFOLD	haplotype1_from_utig4-1949	utig4-1949+,[N174097N:tangle],utig4-2120-	HG01255	286	match	1870
HG01255	haplotype2-0000119	HG01255_haplotype2-0000119	UNPLACED	haplotype2_unused_utig4-2121	utig4-2121+	HG01255	287	match	869
HG01255	haplotype2-0000120	HG01255_haplotype2-0000120	UNPLACED	haplotype2_unused_utig4-2122	utig4-2122+	HG01255	288	match	652
HG01255	haplotype2-0000121	HG01255_haplotype2-0000121	UNPLACED	haplotype2_unused_utig4-2123	utig4-2123+	HG01255	289	match	234
HG01255	haplotype2-0000140	HG01255_haplotype2-0000140	UNPLACED	haplotype2_unused_utig4-2298	utig4-2298+	HG01255	290	match	1272
HG01258	pat-0000774	HG01258_pat-0000774	SCAFFOLD	pat_from_utig4-332	utig4-332+	HG01258	291	match	2326
HG01261	haplotype1-0000012	HG01261_haplotype1-0000012	SCAFFOLD	haplotype1_from_utig4-2515	utig4-2515-,[N5000N:ambig_path],utig4-2514-,utig4-2516+,[N5000N:ambig_path],utig4-2760+,utig4-2399-,[N31093N:scaffold],utig4-2398+	HG01261	292	match	1288
HG01261	haplotype2-0000116	HG01261_haplotype2-0000116	UNPLACED	haplotype2_unused_utig4-2517	utig4-2517+	HG01261	293	match	1463
HG01261	haplotype2-0000118	HG01261_haplotype2-0000118	UNPLACED	haplotype2_unused_utig4-2761	utig4-2761+	HG01261	294	match	683
HG01358	pat-0000434	HG01358_pat-0000434	SCAFFOLD	pat_from_utig4-1077	utig4-1842+,[N5000N:ambig_path],utig4-1074+,utig4-1077+,[N5000N:ambig_path],utig4-1824+,utig4-1826+	HG01358	295	match	2803
HG01358	pat-0000464	HG01358_pat-0000464	UNPLACED	pat_unused_utig4-1075	utig4-1075+	HG01358	296	match	1877
HG01358	pat-0000465	HG01358_pat-0000465	UNPLACED	pat_unused_utig4-1076	utig4-1076+	HG01358	297	match	2065
HG01358	pat-0000621	HG01358_pat-0000621	UNPLACED	pat_unused_utig4-1825	utig4-1825+	HG01358	298	match	1370
HG01433	pat-0000498	HG01433_pat-0000498	SCAFFOLD	pat_from_utig4-1519	utig4-1520-,utig4-1519+	HG01433	299	match	961
HG01433	pat-0000511	HG01433_pat-0000511	SCAFFOLD	pat_from_utig4-2408	utig4-3051-,utig4-2408-,utig4-2406-,utig4-439-	HG01433	300	match	2350
HG01433	pat-0000515	HG01433_pat-0000515	UNPLACED	pat_from_utig4-280	utig4-278-,utig4-280+,utig4-836-	HG01433	301	match	1785
HG01433	pat-0000521	HG01433_pat-0000521	SCAFFOLD	pat_from_utig4-445	utig4-534-,utig4-530-,utig4-532+,[N19259N:alt-utig4-531],utig4-445-,utig4-443-,utig4-444+	HG01433	302	match	3441
HG01433	pat-0000525	HG01433_pat-0000525	UNPLACED	pat_from_utig4-84	utig4-83-,utig4-84+,utig4-438-,utig4-437+,[N277827N:ambig_bubble],utig4-1034-	HG01433	303	match	2049
HG01433	pat-0000526	HG01433_pat-0000526	UNPLACED	pat_from_utig4-85	utig4-85+	HG01433	304	match	3489
HG01433	pat-0000527	HG01433_pat-0000527	UNPLACED	pat_from_utig4-86	utig4-86+	HG01433	305	match	129
HG01433	pat-0000528	HG01433_pat-0000528	UNPLACED	pat_from_utig4-87	utig4-87+	HG01433	306	match	2616
HG01433	pat-0000544	HG01433_pat-0000544	UNPLACED	pat_unused_utig4-1035	utig4-1035+	HG01433	307	match	30
HG01433	pat-0000590	HG01433_pat-0000590	UNPLACED	pat_unused_utig4-2407	utig4-2407+	HG01433	308	match	3864
HG01433	pat-0000677	HG01433_pat-0000677	UNPLACED_Cmpnt	pat_unused_utig4-2596	utig4-2596+	HG01433	309	match	980
HG01433	pat-0000683	HG01433_pat-0000683	UNPLACED	pat_unused_utig4-2605	utig4-2605+	HG01433	310	match	292
HG01433	pat-0000684	HG01433_pat-0000684	UNPLACED	pat_unused_utig4-2606	utig4-2606+	HG01433	311	match	1450
HG01433	pat-0000740	HG01433_pat-0000740	UNPLACED	pat_unused_utig4-279	utig4-279+	HG01433	312	match	1231
HG01433	pat-0000742	HG01433_pat-0000742	UNPLACED	pat_unused_utig4-281	utig4-281+	HG01433	313	match	318
HG01433	pat-0000743	HG01433_pat-0000743	UNPLACED	pat_unused_utig4-282	utig4-282+	HG01433	314	match	117
HG01433	pat-0000767	HG01433_pat-0000767	UNPLACED	pat_unused_utig4-440	utig4-440+	HG01433	315	match	45
HG01433	pat-0000768	HG01433_pat-0000768	UNPLACED	pat_unused_utig4-441	utig4-441+	HG01433	316	match	1493
HG01433	pat-0000769	HG01433_pat-0000769	UNPLACED	pat_unused_utig4-442	utig4-442+	HG01433	317	match	2497
HG01433	pat-0000788	HG01433_pat-0000788	UNPLACED	pat_unused_utig4-837	utig4-837+	HG01433	318	match	1688
HG01433	pat-0000789	HG01433_pat-0000789	UNPLACED	pat_unused_utig4-838	utig4-838+	HG01433	319	match	2069
HG01433	pat-0000790	HG01433_pat-0000790	UNPLACED	pat_unused_utig4-839	utig4-839+	HG01433	320	match	1710
HG01530	haplotype1-0000004	HG01530_haplotype1-0000004	SCAFFOLD	haplotype1_from_utig4-1360	utig4-1360+,utig4-1530-,[N62333N:scaffold],utig4-1530+,utig4-1046-	HG01530	321	match	3792
HG01530	haplotype1-0000028	HG01530_haplotype1-0000028	UNPLACED	haplotype1_unused_utig4-1531	utig4-1531+	HG01530	322	match	1361
HG01928	pat-0000542	HG01928_pat-0000542	SCAFFOLD	pat_from_utig4-1526	utig4-1526+	HG01928	323	match	3301
HG01934	haplotype1-0000010	HG01934_haplotype1-0000010	SCAFFOLD	haplotype1_from_utig4-2644	utig4-2644+	HG01934	324	match	1144
HG01943	haplotype1-0000026	HG01943_haplotype1-0000026	SCAFFOLD	haplotype1_from_utig4-7871	utig4-7871-,utig4-7870-,utig4-7143-,utig4-7141+	HG01943	325	match	973
HG01943	haplotype2-0000207	HG01943_haplotype2-0000207	UNPLACED	haplotype2_unused_utig4-7872	utig4-7872+	HG01943	326	match	2407
HG01952	haplotype1-0000014	HG01952_haplotype1-0000014	SCAFFOLD	haplotype1_from_utig4-3348	utig4-3348+	HG01952	327	match	1771
HG02015	haplotype1-0000001	HG02015_haplotype1-0000001	SCAFFOLD	haplotype1_from_utig4-1035	utig4-5673+,[N5000N:ambig_path],utig4-5669+,utig4-5776+,[N5000N:ambig_path],utig4-4714+,utig4-632-,[N100000N:scaffold],utig4-1035+,[N5000N:ambig_path],utig4-4685-,[N27131N:ambig_bubble],utig4-550+,[N78694N:ambig_bubble],utig4-4770+,[N39070N:ambig_bubble],utig4-4997+,[N1000N:ambig_bubble],utig4-5339-,[N7307N:ambig_bubble],utig4-4253+,[N1000N:ambig_bubble],utig4-5342-,[N22049N:ambig_bubble],utig4-4859+,[N1000N:ambig_bubble],utig4-4295+,[N1000N:ambig_bubble],utig4-3545+,[N50670N:ambig_bubble],utig4-4487-,[N35255N:ambig_bubble],utig4-3039-,[N1000N:ambig_bubble],utig4-3948-,[N1000N:ambig_bubble],utig4-3791-,utig4-3792+,utig4-4349-,utig4-4351+,utig4-4432-,utig4-4433+,utig4-4559+	HG02015	328	no-match	-1
HG02015	haplotype1-0000020	HG02015_haplotype1-0000020	UNPLACED	haplotype1_from_utig4-4434	utig4-4968+,utig4-4970+,utig4-4500-,utig4-4497-,utig4-4499+,utig4-4632+,utig4-4352-,utig4-4349-,utig4-4350+,utig4-4432-,utig4-4434+,utig4-4559+	HG02015	329	no-match	-1
HG02015	haplotype1-0000044	HG02015_haplotype1-0000044	UNPLACED	haplotype1_unused_utig4-4454	utig4-4454+	HG02015	330	no-match	-1
HG02015	haplotype1-0000045	HG02015_haplotype1-0000045	UNPLACED	haplotype1_unused_utig4-4455	utig4-4455+	HG02015	331	no-match	-1
HG02015	haplotype1-0000046	HG02015_haplotype1-0000046	UNPLACED	haplotype1_unused_utig4-4458	utig4-4458+	HG02015	332	no-match	-1
HG02015	haplotype1-0000048	HG02015_haplotype1-0000048	UNPLACED	haplotype1_unused_utig4-4535	utig4-4535+	HG02015	333	no-match	-1
HG02015	haplotype1-0000054	HG02015_haplotype1-0000054	UNPLACED	haplotype1_unused_utig4-4577	utig4-4577+	HG02015	334	no-match	-1
HG02015	haplotype1-0000061	HG02015_haplotype1-0000061	UNPLACED	haplotype1_unused_utig4-4636	utig4-4636+	HG02015	335	no-match	-1
HG02015	haplotype1-0000062	HG02015_haplotype1-0000062	UNPLACED	haplotype1_unused_utig4-4673	utig4-4673+	HG02015	336	no-match	-1
HG02015	haplotype1-0000063	HG02015_haplotype1-0000063	UNPLACED	haplotype1_unused_utig4-4687	utig4-4687+	HG02015	337	no-match	-1
HG02015	haplotype1-0000078	HG02015_haplotype1-0000078	UNPLACED	haplotype1_unused_utig4-4842	utig4-4842+	HG02015	338	no-match	-1
HG02015	haplotype1-0000079	HG02015_haplotype1-0000079	UNPLACED	haplotype1_unused_utig4-4856	utig4-4856+	HG02015	339	no-match	-1
HG02015	haplotype1-0000080	HG02015_haplotype1-0000080	UNPLACED	haplotype1_unused_utig4-4919	utig4-4919+	HG02015	340	no-match	-1
HG02015	haplotype1-0000082	HG02015_haplotype1-0000082	UNPLACED	haplotype1_unused_utig4-4953	utig4-4953+	HG02015	341	no-match	-1
HG02015	haplotype1-0000098	HG02015_haplotype1-0000098	UNPLACED	haplotype1_unused_utig4-851	utig4-851+	HG02015	342	no-match	-1
HG02015	haplotype1-0000099	HG02015_haplotype1-0000099	UNPLACED	haplotype1_unused_utig4-855	utig4-855+	HG02015	343	no-match	-1
HG02015	haplotype2-0000114	HG02015_haplotype2-0000114	UNPLACED	haplotype2_from_utig4-320	utig4-5683+,utig4-5777-,utig4-321-,utig4-319+,[N5000N:ambig_path],utig4-320+	HG02015	344	no-match	-1
HG02015	haplotype2-0000121	HG02015_haplotype2-0000121	SCAFFOLD	haplotype2_from_utig4-4633	utig4-4968+,utig4-4970+,utig4-4501-,utig4-4497-,utig4-4498+,utig4-4632+,utig4-4633+	HG02015	345	no-match	-1
HG02015	haplotype2-0000141	HG02015_haplotype2-0000141	UNPLACED	haplotype2_unused_utig4-3042	utig4-3042+	HG02015	346	no-match	-1
HG02015	haplotype2-0000142	HG02015_haplotype2-0000142	UNPLACED	haplotype2_unused_utig4-3043	utig4-3043+	HG02015	347	no-match	-1
HG02015	haplotype2-0000143	HG02015_haplotype2-0000143	UNPLACED	haplotype2_unused_utig4-3548	utig4-3548+	HG02015	348	no-match	-1
HG02015	haplotype2-0000144	HG02015_haplotype2-0000144	UNPLACED	haplotype2_unused_utig4-3549	utig4-3549+	HG02015	349	no-match	-1
HG02015	haplotype2-0000145	HG02015_haplotype2-0000145	UNPLACED	haplotype2_unused_utig4-3793	utig4-3793+	HG02015	350	no-match	-1
HG02015	haplotype2-0000146	HG02015_haplotype2-0000146	UNPLACED	haplotype2_unused_utig4-3794	utig4-3794+	HG02015	351	no-match	-1
HG02015	haplotype2-0000147	HG02015_haplotype2-0000147	UNPLACED	haplotype2_unused_utig4-3795	utig4-3795+	HG02015	352	no-match	-1
HG02015	haplotype2-0000148	HG02015_haplotype2-0000148	UNPLACED	haplotype2_unused_utig4-4254	utig4-4254+	HG02015	353	no-match	-1
HG02015	haplotype2-0000149	HG02015_haplotype2-0000149	UNPLACED	haplotype2_unused_utig4-4255	utig4-4255+	HG02015	354	no-match	-1
HG02015	haplotype2-0000150	HG02015_haplotype2-0000150	UNPLACED	haplotype2_unused_utig4-4256	utig4-4256+	HG02015	355	no-match	-1
HG02015	haplotype2-0000151	HG02015_haplotype2-0000151	UNPLACED	haplotype2_unused_utig4-4257	utig4-4257+	HG02015	356	no-match	-1
HG02015	haplotype2-0000156	HG02015_haplotype2-0000156	UNPLACED	haplotype2_unused_utig4-4454	utig4-4454+	HG02015	357	no-match	-1
HG02015	haplotype2-0000157	HG02015_haplotype2-0000157	UNPLACED	haplotype2_unused_utig4-4455	utig4-4455+	HG02015	358	no-match	-1
HG02015	haplotype2-0000158	HG02015_haplotype2-0000158	UNPLACED	haplotype2_unused_utig4-4459	utig4-4459+	HG02015	359	no-match	-1
HG02015	haplotype2-0000159	HG02015_haplotype2-0000159	UNPLACED	haplotype2_unused_utig4-4488	utig4-4488+	HG02015	360	no-match	-1
HG02015	haplotype2-0000161	HG02015_haplotype2-0000161	UNPLACED	haplotype2_unused_utig4-4535	utig4-4535+	HG02015	361	no-match	-1
HG02015	haplotype2-0000162	HG02015_haplotype2-0000162	UNPLACED	haplotype2_unused_utig4-4577	utig4-4577+	HG02015	362	no-match	-1
HG02015	haplotype2-0000165	HG02015_haplotype2-0000165	UNPLACED	haplotype2_unused_utig4-4636	utig4-4636+	HG02015	363	no-match	-1
HG02015	haplotype2-0000167	HG02015_haplotype2-0000167	UNPLACED	haplotype2_unused_utig4-4673	utig4-4673+	HG02015	364	no-match	-1
HG02015	haplotype2-0000168	HG02015_haplotype2-0000168	UNPLACED	haplotype2_unused_utig4-4687	utig4-4687+	HG02015	365	no-match	-1
HG02015	haplotype2-0000169	HG02015_haplotype2-0000169	UNPLACED	haplotype2_unused_utig4-4715	utig4-4715+	HG02015	366	no-match	-1
HG02015	haplotype2-0000170	HG02015_haplotype2-0000170	UNPLACED	haplotype2_unused_utig4-4716	utig4-4716+	HG02015	367	no-match	-1
HG02015	haplotype2-0000171	HG02015_haplotype2-0000171	UNPLACED	haplotype2_unused_utig4-4717	utig4-4717+	HG02015	368	no-match	-1
HG02015	haplotype2-0000172	HG02015_haplotype2-0000172	UNPLACED	haplotype2_unused_utig4-4771	utig4-4771+	HG02015	369	no-match	-1
HG02015	haplotype2-0000173	HG02015_haplotype2-0000173	UNPLACED	haplotype2_unused_utig4-4772	utig4-4772+	HG02015	370	no-match	-1
HG02015	haplotype2-0000174	HG02015_haplotype2-0000174	UNPLACED	haplotype2_unused_utig4-4773	utig4-4773+	HG02015	371	no-match	-1
HG02015	haplotype2-0000175	HG02015_haplotype2-0000175	UNPLACED	haplotype2_unused_utig4-4774	utig4-4774+	HG02015	372	no-match	-1
HG02015	haplotype2-0000176	HG02015_haplotype2-0000176	UNPLACED	haplotype2_unused_utig4-4842	utig4-4842+	HG02015	373	no-match	-1
HG02015	haplotype2-0000178	HG02015_haplotype2-0000178	UNPLACED	haplotype2_unused_utig4-4856	utig4-4856+	HG02015	374	no-match	-1
HG02015	haplotype2-0000179	HG02015_haplotype2-0000179	UNPLACED	haplotype2_unused_utig4-4860	utig4-4860+	HG02015	375	no-match	-1
HG02015	haplotype2-0000180	HG02015_haplotype2-0000180	UNPLACED	haplotype2_unused_utig4-4861	utig4-4861+	HG02015	376	no-match	-1
HG02015	haplotype2-0000182	HG02015_haplotype2-0000182	UNPLACED	haplotype2_unused_utig4-4919	utig4-4919+	HG02015	377	no-match	-1
HG02015	haplotype2-0000183	HG02015_haplotype2-0000183	UNPLACED	haplotype2_unused_utig4-4953	utig4-4953+	HG02015	378	no-match	-1
HG02015	haplotype2-0000184	HG02015_haplotype2-0000184	UNPLACED	haplotype2_unused_utig4-4998	utig4-4998+	HG02015	379	no-match	-1
HG02015	haplotype2-0000185	HG02015_haplotype2-0000185	UNPLACED	haplotype2_unused_utig4-4999	utig4-4999+	HG02015	380	no-match	-1
HG02015	haplotype2-0000189	HG02015_haplotype2-0000189	UNPLACED	haplotype2_unused_utig4-514	utig4-514+	HG02015	381	no-match	-1
HG02015	haplotype2-0000190	HG02015_haplotype2-0000190	UNPLACED	haplotype2_unused_utig4-515	utig4-515+	HG02015	382	no-match	-1
HG02015	haplotype2-0000191	HG02015_haplotype2-0000191	UNPLACED	haplotype2_unused_utig4-516	utig4-516+	HG02015	383	no-match	-1
HG02015	haplotype2-0000192	HG02015_haplotype2-0000192	UNPLACED	haplotype2_unused_utig4-551	utig4-551+	HG02015	384	no-match	-1
HG02015	haplotype2-0000193	HG02015_haplotype2-0000193	UNPLACED	haplotype2_unused_utig4-552	utig4-552+	HG02015	385	no-match	-1
HG02015	haplotype2-0000194	HG02015_haplotype2-0000194	UNPLACED	haplotype2_unused_utig4-553	utig4-553+	HG02015	386	no-match	-1
HG02015	haplotype2-0000195	HG02015_haplotype2-0000195	UNPLACED	haplotype2_unused_utig4-562	utig4-562+	HG02015	387	no-match	-1
HG02015	haplotype2-0000196	HG02015_haplotype2-0000196	UNPLACED	haplotype2_unused_utig4-563	utig4-563+	HG02015	388	no-match	-1
HG02015	haplotype2-0000197	HG02015_haplotype2-0000197	UNPLACED	haplotype2_unused_utig4-564	utig4-564+	HG02015	389	no-match	-1
HG02015	haplotype2-0000202	HG02015_haplotype2-0000202	UNPLACED	haplotype2_unused_utig4-5765	utig4-5765+	HG02015	390	no-match	-1
HG02015	haplotype2-0000203	HG02015_haplotype2-0000203	UNPLACED	haplotype2_unused_utig4-5774	utig4-5774+	HG02015	391	no-match	-1
HG02015	haplotype2-0000204	HG02015_haplotype2-0000204	UNPLACED	haplotype2_unused_utig4-851	utig4-851+	HG02015	392	no-match	-1
HG02015	haplotype2-0000205	HG02015_haplotype2-0000205	UNPLACED	haplotype2_unused_utig4-854	utig4-854+	HG02015	393	no-match	-1
HG02015	unassigned-0000648	HG02015_unassigned-0000648	UNPLACED	na_unused_utig4-4456	utig4-4456+	HG02015	394	no-match	-1
HG02015	unassigned-0000649	HG02015_unassigned-0000649	UNPLACED	na_unused_utig4-4457	utig4-4457+	HG02015	395	no-match	-1
HG02015	unassigned-0000650	HG02015_unassigned-0000650	UNPLACED	na_unused_utig4-4460	utig4-4460+	HG02015	396	no-match	-1
HG02015	unassigned-0000678	HG02015_unassigned-0000678	UNPLACED	na_unused_utig4-4505	utig4-4505+	HG02015	397	no-match	-1
HG02015	unassigned-0000683	HG02015_unassigned-0000683	UNPLACED	na_unused_utig4-4516	utig4-4516+	HG02015	398	no-match	-1
HG02015	unassigned-0000684	HG02015_unassigned-0000684	UNPLACED	na_unused_utig4-4517	utig4-4517+	HG02015	399	no-match	-1
HG02015	unassigned-0000692	HG02015_unassigned-0000692	UNPLACED	na_unused_utig4-4536	utig4-4536+	HG02015	400	no-match	-1
HG02015	unassigned-0000693	HG02015_unassigned-0000693	UNPLACED	na_unused_utig4-4537	utig4-4537+	HG02015	401	no-match	-1
HG02015	unassigned-0000694	HG02015_unassigned-0000694	UNPLACED	na_unused_utig4-4538	utig4-4538+	HG02015	402	no-match	-1
HG02015	unassigned-0000695	HG02015_unassigned-0000695	UNPLACED	na_unused_utig4-4539	utig4-4539+	HG02015	403	no-match	-1
HG02015	unassigned-0000698	HG02015_unassigned-0000698	UNPLACED	na_unused_utig4-4560	utig4-4560+	HG02015	404	no-match	-1
HG02015	unassigned-0000699	HG02015_unassigned-0000699	UNPLACED	na_unused_utig4-4561	utig4-4561+	HG02015	405	no-match	-1
HG02015	unassigned-0000705	HG02015_unassigned-0000705	UNPLACED	na_unused_utig4-4578	utig4-4578+	HG02015	406	no-match	-1
HG02015	unassigned-0000706	HG02015_unassigned-0000706	UNPLACED	na_unused_utig4-4579	utig4-4579+	HG02015	407	no-match	-1
HG02015	unassigned-0000731	HG02015_unassigned-0000731	UNPLACED	na_unused_utig4-4637	utig4-4637+	HG02015	408	no-match	-1
HG02015	unassigned-0000732	HG02015_unassigned-0000732	UNPLACED	na_unused_utig4-4638	utig4-4638+	HG02015	409	no-match	-1
HG02015	unassigned-0000749	HG02015_unassigned-0000749	UNPLACED	na_unused_utig4-4674	utig4-4674+	HG02015	410	no-match	-1
HG02015	unassigned-0000750	HG02015_unassigned-0000750	UNPLACED	na_unused_utig4-4675	utig4-4675+	HG02015	411	no-match	-1
HG02015	unassigned-0000751	HG02015_unassigned-0000751	UNPLACED	na_unused_utig4-4676	utig4-4676+	HG02015	412	no-match	-1
HG02015	unassigned-0000852	HG02015_unassigned-0000852	UNPLACED	na_unused_utig4-4969	utig4-4969+	HG02015	413	no-match	-1
HG02015	unassigned-0000937	HG02015_unassigned-0000937	UNPLACED_Cmpnt	na_unused_utig4-5111	utig4-5111+	HG02015	414	no-match	-1
HG02015	unassigned-0001230	HG02015_unassigned-0001230	UNPLACED	na_unused_utig4-852	utig4-852+	HG02015	415	no-match	-1
HG02015	unassigned-0001231	HG02015_unassigned-0001231	UNPLACED	na_unused_utig4-853	utig4-853+	HG02015	416	no-match	-1
HG02015	unassigned-0001243	HG02015_unassigned-0001243	UNPLACED	na_unused_utig4-934	utig4-934+	HG02015	417	no-match	-1
HG02015	unassigned-0001244	HG02015_unassigned-0001244	UNPLACED	na_unused_utig4-935	utig4-935+	HG02015	418	no-match	-1
HG02015	unassigned-0001245	HG02015_unassigned-0001245	UNPLACED	na_unused_utig4-936	utig4-936+	HG02015	419	no-match	-1
HG02015	unassigned-0001246	HG02015_unassigned-0001246	UNPLACED	na_unused_utig4-937	utig4-937+	HG02015	420	no-match	-1
HG02015	unassigned-0001247	HG02015_unassigned-0001247	UNPLACED	na_unused_utig4-938	utig4-938+	HG02015	421	no-match	-1
HG02027	pat-0000390	HG02027_pat-0000390	SCAFFOLD	pat_from_utig4-269	utig4-269+,[N5000N:ambig_path],utig4-1969+,utig4-1971+,utig4-3494-,utig4-2633-,utig4-2603-,utig4-2602+	HG02027	422	match	2995
HG02027	pat-0000474	HG02027_pat-0000474	UNPLACED	pat_unused_utig4-1970	utig4-1970+	HG02027	423	match	298
HG02040	haplotype1-0000017	HG02040_haplotype1-0000017	SCAFFOLD	haplotype1_from_utig4-704	utig4-704+,[N100000N:scaffold],utig4-1272+	HG02040	424	match	279
HG02040	haplotype2-0000126	HG02040_haplotype2-0000126	UNPLACED	haplotype2_unused_utig4-1271	utig4-1271+	HG02040	425	match	441
HG02055	pat-0000629	HG02055_pat-0000629	SCAFFOLD	pat_from_utig4-1086	utig4-496+,utig4-1086-,[N19714N:scaffold],utig4-787+	HG02055	426	match	1714
HG02055	pat-0000631	HG02055_pat-0000631	SCAFFOLD	pat_from_utig4-1104	utig4-1104+	HG02055	427	match	3559
HG02055	pat-0000694	HG02055_pat-0000694	UNPLACED	pat_unused_utig4-1087	utig4-1087+	HG02055	428	match	1301
HG02055	pat-0000704	HG02055_pat-0000704	UNPLACED	pat_unused_utig4-1105	utig4-1105+	HG02055	429	match	3762
HG02055	pat-0000875	HG02055_pat-0000875	UNPLACED	pat_unused_utig4-788	utig4-788+	HG02055	430	match	1743
HG02055	pat-0000876	HG02055_pat-0000876	UNPLACED	pat_unused_utig4-789	utig4-789+	HG02055	431	match	278
HG02056	pat-0000451	HG02056_pat-0000451	SCAFFOLD	pat_from_utig4-2551	utig4-2551+,utig4-3011+,utig4-3012+	HG02056	432	match	3587
HG02071	pat-0000661	HG02071_pat-0000661	SCAFFOLD	pat_from_utig4-3	utig4-3+,utig4-2685-,[N5000N:ambig_path],utig4-1671-,utig4-1670+,utig4-1674+	HG02071	433	match	2097
HG02071	pat-0000786	HG02071_pat-0000786	UNPLACED	pat_unused_utig4-2686	utig4-2686+	HG02071	434	match	1898
HG02071	pat-0000787	HG02071_pat-0000787	UNPLACED	pat_unused_utig4-2687	utig4-2687+	HG02071	435	match	404
HG02071	pat-0000788	HG02071_pat-0000788	UNPLACED	pat_unused_utig4-2688	utig4-2688+	HG02071	436	match	456
HG02071	pat-0000945	HG02071_pat-0000945	UNPLACED	pat_unused_utig4-3442	utig4-3442+	HG02071	437	match	1717
HG02071	pat-0000946	HG02071_pat-0000946	UNPLACED	pat_unused_utig4-3443	utig4-3443+	HG02071	438	match	508
HG02071	pat-0000947	HG02071_pat-0000947	UNPLACED	pat_unused_utig4-3444	utig4-3444+	HG02071	439	match	755
HG02071	pat-0000997	HG02071_pat-0000997	UNPLACED	pat_unused_utig4-3819	utig4-3819+	HG02071	440	match	1250
HG02071	pat-0000998	HG02071_pat-0000998	UNPLACED	pat_unused_utig4-3820	utig4-3820+	HG02071	441	match	480
HG02071	pat-0001039	HG02071_pat-0001039	UNPLACED	pat_unused_utig4-680	utig4-680+	HG02071	442	match	169
HG02071	pat-0001040	HG02071_pat-0001040	SCAFFOLD	pat_unused_utig4-681	utig4-681+	HG02071	443	match	240
HG02071	pat-0001041	HG02071_pat-0001041	SCAFFOLD	pat_unused_utig4-682	utig4-682+	HG02071	444	match	1190
HG02071	pat-0001042	HG02071_pat-0001042	UNPLACED	pat_unused_utig4-691	utig4-691+	HG02071	445	match	120
HG02071	pat-0001043	HG02071_pat-0001043	UNPLACED	pat_unused_utig4-692	utig4-692+	HG02071	446	match	151
HG02071	pat-0001045	HG02071_pat-0001045	UNPLACED	pat_unused_utig4-705	utig4-705+	HG02071	447	match	1284
HG02071	pat-0001046	HG02071_pat-0001046	UNPLACED	pat_unused_utig4-706	utig4-706+	HG02071	448	match	1738
HG02074	pat-0000739	HG02074_pat-0000739	SCAFFOLD	pat_from_utig4-3274	utig4-3274+,[N5000N:ambig_path],utig4-4075+,utig4-4077+	HG02074	449	match	215
HG02074	pat-0000818	HG02074_pat-0000818	UNPLACED_Cmpnt	pat_unused_utig4-3152	utig4-3152+	HG02074	450	no-match	-1
HG02074	pat-0001012	HG02074_pat-0001012	UNPLACED	pat_unused_utig4-4076	utig4-4076+	HG02074	451	match	712
HG02083	pat-0000362	HG02083_pat-0000362	SCAFFOLD	pat_from_utig4-1448	utig4-2607+,utig4-1449-,utig4-1446-,[N5000N:ambig_path],utig4-1448+,[N5000N:ambig_path],utig4-2513-,[N1000N:ambig_bubble],utig4-2623+,[N42960N:ambig_bubble],utig4-2535-,[N3521N:ambig_bubble],utig4-2525+,[N1000N:ambig_bubble],utig4-2567-,[N38690N:ambig_bubble],utig4-2546+,utig4-2549+	HG02083	452	match	3198
HG02083	pat-0000391	HG02083_pat-0000391	UNPLACED	pat_unused_utig4-1447	utig4-1447+	HG02083	453	match	1362
HG02083	pat-0000528	HG02083_pat-0000528	UNPLACED	pat_unused_utig4-2514	utig4-2514+	HG02083	454	match	3453
HG02083	pat-0000529	HG02083_pat-0000529	UNPLACED	pat_unused_utig4-2515	utig4-2515+	HG02083	455	match	250
HG02083	pat-0000530	HG02083_pat-0000530	UNPLACED	pat_unused_utig4-2516	utig4-2516+	HG02083	456	match	741
HG02083	pat-0000531	HG02083_pat-0000531	UNPLACED	pat_unused_utig4-2517	utig4-2517+	HG02083	457	match	1329
HG02083	pat-0000532	HG02083_pat-0000532	UNPLACED	pat_unused_utig4-2518	utig4-2518+	HG02083	458	match	2234
HG02083	pat-0000533	HG02083_pat-0000533	UNPLACED	pat_unused_utig4-2519	utig4-2519+	HG02083	459	match	1633
HG02083	pat-0000534	HG02083_pat-0000534	UNPLACED	pat_unused_utig4-2526	utig4-2526+	HG02083	460	match	985
HG02083	pat-0000535	HG02083_pat-0000535	UNPLACED	pat_unused_utig4-2527	utig4-2527+	HG02083	461	match	1337
HG02083	pat-0000536	HG02083_pat-0000536	UNPLACED	pat_unused_utig4-2536	utig4-2536+	HG02083	462	match	504
HG02083	pat-0000537	HG02083_pat-0000537	UNPLACED	pat_unused_utig4-2537	utig4-2537+	HG02083	463	match	350
HG02083	pat-0000539	HG02083_pat-0000539	UNPLACED	pat_unused_utig4-2547	utig4-2547+	HG02083	464	match	1782
HG02083	pat-0000540	HG02083_pat-0000540	UNPLACED	pat_unused_utig4-2548	utig4-2548+	HG02083	465	match	782
HG02129	haplotype1-0000005	HG02129_haplotype1-0000005	SCAFFOLD	haplotype1_from_utig4-1338	utig4-1338+,utig4-938-	HG02129	466	match	1479
HG02129	haplotype1-0000024	HG02129_haplotype1-0000024	UNPLACED	haplotype1_from_utig4-937	utig4-937+	HG02129	467	match	2641
HG02129	haplotype2-0000101	HG02129_haplotype2-0000101	SCAFFOLD	haplotype2_from_utig4-91	utig4-91+	HG02129	468	match	2946
HG02132	haplotype1-0000022	HG02132_haplotype1-0000022	UNPLACED	haplotype1_from_utig4-572	utig4-572+,utig4-1690+,utig4-1691+,utig4-1891+,utig4-1836-,utig4-1834-,utig4-1833+,utig4-1662-,utig4-1661+,[N5000N:ambig_path],utig4-3031-,utig4-2082-,utig4-2080+,[N5000N:ambig_path],utig4-2119+,utig4-2121+,utig4-3074-,[N168490N:ambig_bubble],utig4-3141-,utig4-2895-,utig4-2893+,utig4-2070-,utig4-2068-,utig4-1755-,utig4-1754-,utig4-1721-,utig4-1720+,utig4-14-,utig4-13+,[N372450N:ambig_bubble],utig4-1659-	HG02132	469	match	3686
HG02132	haplotype2-0000156	HG02132_haplotype2-0000156	UNPLACED	haplotype2_from_utig4-2085	utig4-2085+	HG02132	470	match	3701
HG02132	haplotype2-0000165	HG02132_haplotype2-0000165	SCAFFOLD	haplotype2_from_utig4-2883	utig4-2887-,[N359260N:tangle],utig4-2883+,utig4-2987+,[N5000N:ambig_path],utig4-1717+,utig4-1718+,utig4-1720+,utig4-15-,utig4-13+,[N372450N:ambig_bubble],utig4-1659-,utig4-1660+,utig4-1690+,utig4-1692+,utig4-1891+,utig4-1837-,utig4-1835-,utig4-1833+,utig4-1663-,utig4-1661+,[N71612N:ambig_bubble],utig4-2947+,[N7738N:ambig_bubble],utig4-3031-,utig4-2081-,utig4-2080+	HG02132	471	match	2109
HG02132	haplotype2-0000173	HG02132_haplotype2-0000173	SCAFFOLD	haplotype2_from_utig4-620	utig4-620+,utig4-1754+,utig4-1756+,utig4-2068+,utig4-2069+,utig4-2893-,utig4-2894+,utig4-3141+,[N168490N:ambig_bubble],utig4-3074+,utig4-2122-,utig4-2119-	HG02132	472	match	1729
HG02132	haplotype2-0000182	HG02132_haplotype2-0000182	UNPLACED	haplotype2_unused_utig4-16	utig4-16+	HG02132	473	match	3729
HG02132	haplotype2-0000184	HG02132_haplotype2-0000184	UNPLACED	haplotype2_unused_utig4-1715	utig4-1715+	HG02132	474	match	434
HG02132	haplotype2-0000185	HG02132_haplotype2-0000185	UNPLACED	haplotype2_unused_utig4-1716	utig4-3053+,utig4-1716-	HG02132	475	match	1863
HG02132	haplotype2-0000186	HG02132_haplotype2-0000186	UNPLACED	haplotype2_unused_utig4-1719	utig4-1719+	HG02132	476	match	297
HG02132	haplotype2-0000237	HG02132_haplotype2-0000237	UNPLACED	haplotype2_unused_utig4-2005	utig4-2005+	HG02132	477	match	848
HG02132	haplotype2-0000238	HG02132_haplotype2-0000238	UNPLACED	haplotype2_unused_utig4-2006	utig4-2006+	HG02132	478	match	237
HG02132	haplotype2-0000250	HG02132_haplotype2-0000250	UNPLACED	haplotype2_unused_utig4-2120	utig4-2120+	HG02132	479	match	324
HG02132	haplotype2-0000258	HG02132_haplotype2-0000258	UNPLACED	haplotype2_unused_utig4-2161	utig4-2161+	HG02132	480	match	1766
HG02132	haplotype2-0000259	HG02132_haplotype2-0000259	UNPLACED	haplotype2_unused_utig4-2162	utig4-2162+	HG02132	481	match	818
HG02132	haplotype2-0000260	HG02132_haplotype2-0000260	UNPLACED	haplotype2_unused_utig4-2163	utig4-2163+	HG02132	482	match	295
HG02132	haplotype2-0000261	HG02132_haplotype2-0000261	UNPLACED	haplotype2_unused_utig4-2164	utig4-2164+	HG02132	483	match	267
HG02132	haplotype2-0000262	HG02132_haplotype2-0000262	UNPLACED	haplotype2_unused_utig4-2165	utig4-2165+	HG02132	484	match	2260
HG02132	haplotype2-0000263	HG02132_haplotype2-0000263	UNPLACED	haplotype2_unused_utig4-2166	utig4-2166+	HG02132	485	match	421
HG02132	haplotype2-0000264	HG02132_haplotype2-0000264	UNPLACED	haplotype2_unused_utig4-2167	utig4-2167+	HG02132	486	match	2112
HG02132	haplotype2-0000310	HG02132_haplotype2-0000310	UNPLACED	haplotype2_unused_utig4-2878	utig4-2878+	HG02132	487	match	1739
HG02132	haplotype2-0000311	HG02132_haplotype2-0000311	UNPLACED	haplotype2_unused_utig4-2879	utig4-2879+	HG02132	488	match	650
HG02132	haplotype2-0000312	HG02132_haplotype2-0000312	UNPLACED	haplotype2_unused_utig4-2880	utig4-2880+	HG02132	489	match	668
HG02132	haplotype2-0000313	HG02132_haplotype2-0000313	UNPLACED	haplotype2_unused_utig4-2881	utig4-2881+	HG02132	490	match	2464
HG02132	haplotype2-0000314	HG02132_haplotype2-0000314	UNPLACED	haplotype2_unused_utig4-2882	utig4-2882+	HG02132	491	match	789
HG02132	haplotype2-0000315	HG02132_haplotype2-0000315	SCAFFOLD	haplotype2_unused_utig4-2884	utig4-2884+	HG02132	492	match	3057
HG02132	haplotype2-0000316	HG02132_haplotype2-0000316	UNPLACED	haplotype2_unused_utig4-2885	utig4-2885+	HG02132	493	match	110
HG02132	haplotype2-0000317	HG02132_haplotype2-0000317	UNPLACED	haplotype2_unused_utig4-2886	utig4-2886+	HG02132	494	match	274
HG02132	haplotype2-0000318	HG02132_haplotype2-0000318	UNPLACED	haplotype2_unused_utig4-2888	utig4-2888+	HG02132	495	match	917
HG02132	haplotype2-0000349	HG02132_haplotype2-0000349	UNPLACED	haplotype2_unused_utig4-2988	utig4-2988+	HG02132	496	match	1052
HG02132	haplotype2-0000350	HG02132_haplotype2-0000350	UNPLACED	haplotype2_unused_utig4-2989	utig4-2989+	HG02132	497	match	1307
HG02132	haplotype2-0000353	HG02132_haplotype2-0000353	UNPLACED	haplotype2_unused_utig4-5	utig4-5+	HG02132	498	match	3387
HG02132	unassigned-0000478	HG02132_unassigned-0000478	UNPLACED	na_unused_utig4-1664	utig4-1664+	HG02132	499	match	2681
HG02132	unassigned-0000479	HG02132_unassigned-0000479	UNPLACED	na_unused_utig4-1665	utig4-1665+	HG02132	500	match	479
HG02132	unassigned-0000583	HG02132_unassigned-0000583	UNPLACED	na_unused_utig4-2083	utig4-2083+	HG02132	501	match	1859
HG02132	unassigned-0000584	HG02132_unassigned-0000584	UNPLACED	na_unused_utig4-2084	utig4-2084+	HG02132	502	match	1017
HG02132	unassigned-0000766	HG02132_unassigned-0000766	UNPLACED	na_unused_utig4-2948	utig4-2948+	HG02132	503	match	629
HG02132	unassigned-0000767	HG02132_unassigned-0000767	UNPLACED	na_unused_utig4-2949	utig4-2949+	HG02132	504	match	3838
HG02132	unassigned-0000779	HG02132_unassigned-0000779	UNPLACED	na_unused_utig4-3075	utig4-3075+	HG02132	505	match	2726
HG02132	unassigned-0000780	HG02132_unassigned-0000780	UNPLACED	na_unused_utig4-3076	utig4-3076+	HG02132	506	match	1224
HG02132	unassigned-0000814	HG02132_unassigned-0000814	UNPLACED	na_unused_utig4-573	utig4-573+	HG02132	507	match	3651
HG02132	unassigned-0000815	HG02132_unassigned-0000815	UNPLACED	na_unused_utig4-574	utig4-574+	HG02132	508	match	2558
HG02132	unassigned-0000818	HG02132_unassigned-0000818	UNPLACED	na_unused_utig4-6	utig4-6+	HG02132	509	match	225
HG02132	unassigned-0000823	HG02132_unassigned-0000823	UNPLACED	na_unused_utig4-7	utig4-7+	HG02132	510	match	3188
HG02135	pat-0000670	HG02135_pat-0000670	SCAFFOLD	pat_from_utig4-2455	utig4-3206-,utig4-3205-,utig4-2456-,utig4-2454+,[N5000N:ambig_path],utig4-2455+,utig4-3144+	HG02135	511	match	2280
HG02135	pat-0000980	HG02135_pat-0000980	UNPLACED	pat_unused_utig4-2457	utig4-2457+	HG02135	512	match	348
HG02145	haplotype1-0000002	HG02145_haplotype1-0000002	SCAFFOLD	haplotype1_from_utig4-1203	utig4-283+,utig4-290+,utig4-956+,utig4-292-,utig4-284-,utig4-282+,utig4-286+,utig4-288+,utig4-1203-,[N374723N:alt-utig4-1202],utig4-1204+	HG02145	513	match	2394
HG02145	haplotype1-0000004	HG02145_haplotype1-0000004	SCAFFOLD	haplotype1_from_utig4-166	utig4-94+,utig4-97+,utig4-165+,[N5000N:ambig_path],utig4-166+,utig4-977-,utig4-564-,utig4-563+	HG02145	514	match	2809
HG02145	haplotype1-0000024	HG02145_haplotype1-0000024	SCAFFOLD	haplotype1_from_utig4-787	utig4-110+,utig4-113+,utig4-786+,utig4-787+	HG02145	515	match	3872
HG02145	haplotype1-0000061	HG02145_haplotype1-0000061	UNPLACED	haplotype1_unused_utig4-111	utig4-111+	HG02145	516	match	435
HG02145	haplotype1-0000075	HG02145_haplotype1-0000075	UNPLACED_Cmpnt	haplotype1_unused_utig4-1177	utig4-1177-,[N30094N:scaffold],utig4-1178+	HG02145	517	match	604
HG02145	haplotype1-0000157	HG02145_haplotype1-0000157	SCAFFOLD	haplotype1_unused_utig4-285	utig4-285+	HG02145	518	match	1475
HG02145	haplotype1-0000158	HG02145_haplotype1-0000158	UNPLACED	haplotype1_unused_utig4-289	utig4-289+	HG02145	519	match	2993
HG02145	haplotype2-0000213	HG02145_haplotype2-0000213	SCAFFOLD	haplotype2_from_utig4-408	utig4-960-,utig4-958-,utig4-542-,utig4-541+,utig4-76-,utig4-72-,utig4-73+,utig4-925+,utig4-136-,utig4-135+,utig4-133-,utig4-131-,utig4-116-,utig4-115+,utig4-106-,utig4-105+,utig4-108+,utig4-409-,utig4-406-,[N5000N:ambig_path],utig4-408+	HG02145	520	match	662
HG02145	haplotype2-0000220	HG02145_haplotype2-0000220	UNPLACED	haplotype2_unused_utig4-107	utig4-107+	HG02145	521	match	2067
HG02145	haplotype2-0000221	HG02145_haplotype2-0000221	UNPLACED	haplotype2_unused_utig4-109	utig4-109+	HG02145	522	match	799
HG02145	haplotype2-0000237	HG02145_haplotype2-0000237	UNPLACED	haplotype2_unused_utig4-117	utig4-117+	HG02145	523	match	946
HG02145	haplotype2-0000255	HG02145_haplotype2-0000255	UNPLACED	haplotype2_unused_utig4-132	utig4-132+	HG02145	524	match	391
HG02145	haplotype2-0000258	HG02145_haplotype2-0000258	UNPLACED	haplotype2_unused_utig4-137	utig4-137+	HG02145	525	match	2034
HG02145	haplotype2-0000265	HG02145_haplotype2-0000265	UNPLACED	haplotype2_unused_utig4-167	utig4-167+	HG02145	526	match	1033
HG02145	haplotype2-0000295	HG02145_haplotype2-0000295	UNPLACED	haplotype2_unused_utig4-407	utig4-407+	HG02145	527	match	3073
HG02145	haplotype2-0000306	HG02145_haplotype2-0000306	UNPLACED	haplotype2_unused_utig4-543	utig4-543+	HG02145	528	match	545
HG02145	haplotype2-0000307	HG02145_haplotype2-0000307	UNPLACED	haplotype2_unused_utig4-554	utig4-554+	HG02145	529	match	1376
HG02145	haplotype2-0000308	HG02145_haplotype2-0000308	UNPLACED	haplotype2_unused_utig4-555	utig4-555+	HG02145	530	match	812
HG02145	haplotype2-0000309	HG02145_haplotype2-0000309	UNPLACED	haplotype2_unused_utig4-556	utig4-556+	HG02145	531	match	2589
HG02145	haplotype2-0000310	HG02145_haplotype2-0000310	UNPLACED	haplotype2_unused_utig4-557	utig4-557+	HG02145	532	match	149
HG02145	haplotype2-0000311	HG02145_haplotype2-0000311	UNPLACED	haplotype2_unused_utig4-565	utig4-565+	HG02145	533	match	1120
HG02145	haplotype2-0000419	HG02145_haplotype2-0000419	UNPLACED	haplotype2_unused_utig4-74	utig4-74+	HG02145	534	match	27
HG02145	haplotype2-0000426	HG02145_haplotype2-0000426	UNPLACED	haplotype2_unused_utig4-75	utig4-75+	HG02145	535	match	1186
HG02145	haplotype2-0000443	HG02145_haplotype2-0000443	UNPLACED	haplotype2_unused_utig4-959	utig4-959+	HG02145	536	match	2665
HG02145	unassigned-0000476	HG02145_unassigned-0000476	UNPLACED_Cmpnt	na_unused_utig4-104	utig4-104+	HG02145	537	no-match	-1
HG02145	unassigned-0000522	HG02145_unassigned-0000522	UNPLACED	na_unused_utig4-112	utig4-112+	HG02145	538	match	2840
HG02145	unassigned-0000558	HG02145_unassigned-0000558	UNPLACED_Cmpnt	na_unused_utig4-1195	utig4-1195+	HG02145	539	match	2150
HG02145	unassigned-0000560	HG02145_unassigned-0000560	UNPLACED_Cmpnt	na_unused_utig4-1206	utig4-1206+	HG02145	540	match	218
HG02145	unassigned-0000561	HG02145_unassigned-0000561	UNPLACED_Cmpnt	na_unused_utig4-1209	utig4-1209+	HG02145	541	match	2396
HG02145	unassigned-0001434	HG02145_unassigned-0001434	UNPLACED_Cmpnt	na_unused_utig4-355	utig4-355+	HG02145	542	match	3060
HG02145	unassigned-0001435	HG02145_unassigned-0001435	UNPLACED_Cmpnt	na_unused_utig4-356	utig4-356-,[N100000N:scaffold],utig4-386-	HG02145	543	match	2905
HG02145	unassigned-0001436	HG02145_unassigned-0001436	UNPLACED_Cmpnt	na_unused_utig4-357	utig4-357+	HG02145	544	match	336
HG02145	unassigned-0001444	HG02145_unassigned-0001444	UNPLACED_Cmpnt	na_unused_utig4-387	utig4-387+	HG02145	545	match	293
HG02145	unassigned-0001485	HG02145_unassigned-0001485	UNPLACED_Cmpnt	na_unused_utig4-519	utig4-519+	HG02145	546	match	1153
HG02145	unassigned-0001487	HG02145_unassigned-0001487	UNPLACED_Cmpnt	na_unused_utig4-520	utig4-520+	HG02145	547	match	1670
HG02145	unassigned-0001489	HG02145_unassigned-0001489	UNPLACED_Cmpnt	na_unused_utig4-53	utig4-53+	HG02145	548	match	2531
HG02145	unassigned-0001497	HG02145_unassigned-0001497	UNPLACED_Cmpnt	na_unused_utig4-54	utig4-54+	HG02145	549	match	790
HG02145	unassigned-0001505	HG02145_unassigned-0001505	UNPLACED_Cmpnt	na_unused_utig4-55	utig4-55+	HG02145	550	match	432
HG02145	unassigned-0001512	HG02145_unassigned-0001512	UNPLACED_Cmpnt	na_unused_utig4-56	utig4-56+	HG02145	551	match	2778
HG02145	unassigned-0001516	HG02145_unassigned-0001516	UNPLACED_Cmpnt	na_unused_utig4-57	utig4-57+	HG02145	552	match	611
HG02145	unassigned-0001708	HG02145_unassigned-0001708	UNPLACED_Cmpnt	na_unused_utig4-906	utig4-906+	HG02145	553	no-match	-1
HG02145	unassigned-0001734	HG02145_unassigned-0001734	UNPLACED_Cmpnt	na_unused_utig4-942	utig4-942+	HG02145	554	no-match	-1
HG02145	unassigned-0001735	HG02145_unassigned-0001735	UNPLACED	na_unused_utig4-95	utig4-95+	HG02145	555	match	3807
HG02145	unassigned-0001740	HG02145_unassigned-0001740	UNPLACED	na_unused_utig4-96	utig4-96+	HG02145	556	match	1964
HG02258	haplotype1-0000016	HG02258_haplotype1-0000016	SCAFFOLD	haplotype1_from_utig4-74	utig4-74+,[N5000N:ambig_path],utig4-64+,utig4-68+,utig4-448+,utig4-450+,utig4-499-,utig4-497-,[N5000N:ambig_path],utig4-705-,[N54027N:ambig_bubble],utig4-494+,utig4-498+	HG02258	557	match	51
HG02258	haplotype1-0000055	HG02258_haplotype1-0000055	UNPLACED	haplotype1_unused_utig4-449	utig4-449+	HG02258	558	match	2678
HG02258	haplotype1-0000056	HG02258_haplotype1-0000056	UNPLACED	haplotype1_unused_utig4-451	utig4-451+	HG02258	559	match	3492
HG02258	haplotype1-0000057	HG02258_haplotype1-0000057	UNPLACED	haplotype1_unused_utig4-495	utig4-495+	HG02258	560	match	1452
HG02258	haplotype1-0000058	HG02258_haplotype1-0000058	UNPLACED	haplotype1_unused_utig4-496	utig4-496+	HG02258	561	match	5
HG02258	haplotype1-0000059	HG02258_haplotype1-0000059	UNPLACED	haplotype1_unused_utig4-65	utig4-65+	HG02258	562	match	2391
HG02258	haplotype1-0000060	HG02258_haplotype1-0000060	UNPLACED	haplotype1_unused_utig4-66	utig4-66+	HG02258	563	match	1588
HG02258	haplotype1-0000061	HG02258_haplotype1-0000061	UNPLACED	haplotype1_unused_utig4-67	utig4-67+	HG02258	564	match	1599
HG02258	haplotype1-0000062	HG02258_haplotype1-0000062	UNPLACED	haplotype1_unused_utig4-706	utig4-706+	HG02258	565	match	3106
HG02391	haplotype1-0000014	HG02391_haplotype1-0000014	SCAFFOLD	haplotype1_from_utig4-2341	utig4-2341+,[N5000N:ambig_path],utig4-227-,utig4-230+,utig4-550+,utig4-553+	HG02391	566	match	1068
HG02391	haplotype2-0000091	HG02391_haplotype2-0000091	UNPLACED	haplotype2_unused_utig4-228	utig4-228+	HG02391	567	match	1658
HG02391	haplotype2-0000092	HG02391_haplotype2-0000092	UNPLACED	haplotype2_unused_utig4-229	utig4-229+	HG02391	568	match	1038
HG02391	haplotype2-0000093	HG02391_haplotype2-0000093	UNPLACED	haplotype2_unused_utig4-231	utig4-231+	HG02391	569	match	316
HG02392	haplotype1-0000002	HG02392_haplotype1-0000002	SCAFFOLD	haplotype1_from_utig4-1160	utig4-1353-,utig4-1354+,utig4-1378+,utig4-1159-,utig4-1157+,utig4-1160+	HG02392	570	match	1562
HG02392	haplotype2-0000044	HG02392_haplotype2-0000044	UNPLACED	haplotype2_from_utig4-1161	utig4-1379-,utig4-1355+,[N5000N:ambig_path],utig4-1158-,utig4-1157+,utig4-1161+	HG02392	571	no-match	-1
HG02486	pat-0000298	HG02486_pat-0000298	UNPLACED	pat_from_utig4-180	utig4-180+	HG02486	572	match	2777
HG02486	pat-0000299	HG02486_pat-0000299	SCAFFOLD	pat_from_utig4-181	utig4-178-,utig4-179+,utig4-181+	HG02486	573	match	810
HG02514	haplotype1-0000011	HG02514_haplotype1-0000011	SCAFFOLD	haplotype1_from_utig4-2247	utig4-2247-,utig4-1158-,utig4-1155-,utig4-1156+,utig4-2238+,utig4-2243+,utig4-1912-,utig4-1911-	HG02514	574	match	866
HG02514	haplotype2-0000048	HG02514_haplotype2-0000048	UNPLACED	haplotype2_from_utig4-2237	utig4-1159+,utig4-2237-	HG02514	575	match	372
HG02514	haplotype2-0000062	HG02514_haplotype2-0000062	UNPLACED	haplotype2_unused_utig4-1157	utig4-1157+	HG02514	576	match	2533
HG02572	haplotype1-0000021	HG02572_haplotype1-0000021	SCAFFOLD	haplotype1_from_utig4-804	utig4-804+	HG02572	577	match	485
HG02602	pat-0000505	HG02602_pat-0000505	SCAFFOLD	pat_from_utig4-1459	utig4-1450-,utig4-1459+,utig4-2663-	HG02602	578	match	47
HG02602	pat-0000506	HG02602_pat-0000506	SCAFFOLD	pat_from_utig4-1886	utig4-1886+,utig4-1887+,utig4-2291-,[N100000N:scaffold],utig4-2664-,utig4-1652-,utig4-1640+,utig4-1639+	HG02602	579	match	2397
HG02602	pat-0000577	HG02602_pat-0000577	UNPLACED	pat_unused_utig4-1775	utig4-1775+	HG02602	580	match	1719
HG02602	pat-0000578	HG02602_pat-0000578	UNPLACED	pat_unused_utig4-1776	utig4-1776+	HG02602	581	match	891
HG02602	pat-0000579	HG02602_pat-0000579	UNPLACED	pat_unused_utig4-1777	utig4-1777+	HG02602	582	match	562
HG02602	pat-0000581	HG02602_pat-0000581	UNPLACED	pat_unused_utig4-1793	utig4-1793+	HG02602	583	match	1478
HG02602	pat-0000582	HG02602_pat-0000582	UNPLACED	pat_unused_utig4-1794	utig4-1794+	HG02602	584	match	1093
HG02602	pat-0000668	HG02602_pat-0000668	UNPLACED	pat_unused_utig4-2292	utig4-2292+	HG02602	585	match	2315
HG02602	pat-0000669	HG02602_pat-0000669	UNPLACED	pat_unused_utig4-2293	utig4-2293+	HG02602	586	match	251
HG02602	pat-0000674	HG02602_pat-0000674	UNPLACED	pat_unused_utig4-2600	utig4-2600+	HG02602	587	match	2462
HG02602	pat-0000675	HG02602_pat-0000675	UNPLACED	pat_unused_utig4-2601	utig4-2601+	HG02602	588	match	2532
HG02602	pat-0000676	HG02602_pat-0000676	UNPLACED	pat_unused_utig4-2602	utig4-2602+	HG02602	589	match	2631
HG02602	pat-0000677	HG02602_pat-0000677	UNPLACED	pat_unused_utig4-2603	utig4-2603+	HG02602	590	match	793
HG02602	pat-0000678	HG02602_pat-0000678	UNPLACED	pat_unused_utig4-2604	utig4-2604+	HG02602	591	match	651
HG02602	pat-0000679	HG02602_pat-0000679	UNPLACED	pat_unused_utig4-2605	utig4-2605+	HG02602	592	match	134
HG02647	pat-0000655	HG02647_pat-0000655	SCAFFOLD	pat_from_utig4-2529	utig4-2529-,[N5000N:ambig_path],utig4-2528-,utig4-849-,[N100000N:scaffold],utig4-14+	HG02647	593	match	1124
HG02647	pat-0000803	HG02647_pat-0000803	UNPLACED	pat_unused_utig4-2530	utig4-2530+	HG02647	594	match	1778
HG02647	pat-0000804	HG02647_pat-0000804	UNPLACED	pat_unused_utig4-2531	utig4-2531+	HG02647	595	match	2213
HG02668	pat-0000487	HG02668_pat-0000487	SCAFFOLD	pat_from_utig4-1305	utig4-1305-,[N100000N:scaffold],utig4-801-	HG02668	596	match	2904
HG02668	pat-0000504	HG02668_pat-0000504	SCAFFOLD	pat_from_utig4-398	utig4-797-,[N311178N:tangle],utig4-397-,utig4-395-,[N5000N:ambig_path],utig4-398+	HG02668	597	match	862
HG02668	pat-0000513	HG02668_pat-0000513	UNPLACED	pat_from_utig4-800	utig4-800+	HG02668	598	match	1180
HG02668	pat-0000514	HG02668_pat-0000514	UNPLACED	pat_from_utig4-802	utig4-802+	HG02668	599	match	3072
HG02668	pat-0000725	HG02668_pat-0000725	UNPLACED	pat_unused_utig4-1879	utig4-1879+	HG02668	600	match	1200
HG02668	pat-0000778	HG02668_pat-0000778	UNPLACED	pat_unused_utig4-396	utig4-396+	HG02668	601	match	1410
HG02668	pat-0000816	HG02668_pat-0000816	UNPLACED	pat_unused_utig4-795	utig4-795+	HG02668	602	match	1204
HG02668	pat-0000817	HG02668_pat-0000817	UNPLACED	pat_unused_utig4-796	utig4-796+	HG02668	603	match	210
HG02668	pat-0000818	HG02668_pat-0000818	UNPLACED	pat_unused_utig4-798	utig4-798+	HG02668	604	match	335
HG02668	pat-0000819	HG02668_pat-0000819	UNPLACED	pat_unused_utig4-799	utig4-799+	HG02668	605	match	3820
HG02668	pat-0000821	HG02668_pat-0000821	UNPLACED	pat_unused_utig4-803	utig4-803+	HG02668	606	match	1183
HG02698	haplotype1-0000017	HG02698_haplotype1-0000017	SCAFFOLD	haplotype1_from_utig4-2441	utig4-2441+,utig4-2558+,[N1000N:ambig_bubble],utig4-1624+,[N1000N:ambig_bubble],utig4-2427+,[N1000N:ambig_bubble],utig4-2559-,utig4-2560+	HG02698	607	match	2522
HG02698	unassigned-0000173	HG02698_unassigned-0000173	UNPLACED_Cmpnt	na_unused_utig4-1416	utig4-1416+	HG02698	608	no-match	-1
HG02698	unassigned-0000246	HG02698_unassigned-0000246	UNPLACED	na_unused_utig4-1625	utig4-1625+	HG02698	609	match	761
HG02698	unassigned-0000247	HG02698_unassigned-0000247	UNPLACED	na_unused_utig4-1627	utig4-1627+	HG02698	610	match	1163
HG02698	unassigned-0000248	HG02698_unassigned-0000248	UNPLACED	na_unused_utig4-1628	utig4-1628+	HG02698	611	match	886
HG02698	unassigned-0000557	HG02698_unassigned-0000557	UNPLACED	na_unused_utig4-2428	utig4-2428+	HG02698	612	match	3372
HG02698	unassigned-0000558	HG02698_unassigned-0000558	UNPLACED	na_unused_utig4-2429	utig4-2429+	HG02698	613	match	1095
HG02717	mat-0000024	HG02717_mat-0000024	SCAFFOLD	mat_from_utig4-990	utig4-990+	HG02717	614	match	2415
HG02735	haplotype1-0000003	HG02735_haplotype1-0000003	SCAFFOLD	haplotype1_from_utig4-1728	utig4-1728-,utig4-1723-,[N16963N:ambig_bubble],utig4-3309+,[N1000N:ambig_bubble],utig4-800+,[N100000N:scaffold],utig4-1727+	HG02735	615	match	3437
HG02735	haplotype2-0000060	HG02735_haplotype2-0000060	UNPLACED	haplotype2_from_utig4-803	utig4-803+,utig4-800-,[N1000N:ambig_bubble],utig4-3309-,[N16963N:ambig_bubble],utig4-1723+	HG02735	616	match	1302
HG02735	unassigned-0000364	HG02735_unassigned-0000364	UNPLACED	na_unused_utig4-1724	utig4-1724+	HG02735	617	match	1051
HG02735	unassigned-0000365	HG02735_unassigned-0000365	UNPLACED	na_unused_utig4-1725	utig4-1725+	HG02735	618	match	2854
HG02735	unassigned-0000366	HG02735_unassigned-0000366	UNPLACED	na_unused_utig4-1726	utig4-1726+	HG02735	619	match	1976
HG02735	unassigned-0001197	HG02735_unassigned-0001197	UNPLACED	na_unused_utig4-3308	utig4-3308+	HG02735	620	match	2887
HG02735	unassigned-0001257	HG02735_unassigned-0001257	UNPLACED	na_unused_utig4-801	utig4-801+	HG02735	621	match	3366
HG02735	unassigned-0001258	HG02735_unassigned-0001258	UNPLACED	na_unused_utig4-802	utig4-802+	HG02735	622	match	2746
HG02738	pat-0000697	HG02738_pat-0000697	SCAFFOLD	pat_from_utig4-1983	utig4-2016-,utig4-2017+,utig4-2019+,utig4-1985-,utig4-1983+	HG02738	623	match	353
HG02738	pat-0000820	HG02738_pat-0000820	UNPLACED	pat_unused_utig4-1984	utig4-1984+	HG02738	624	match	58
HG02738	pat-0000838	HG02738_pat-0000838	UNPLACED	pat_unused_utig4-2018	utig4-2018+	HG02738	625	match	1189
HG02965	haplotype1-0000013	HG02965_haplotype1-0000013	SCAFFOLD	haplotype1_from_utig4-668	utig4-1019-,[N46053N:tangle],utig4-1020+,[N100000N:scaffold],utig4-668-	HG02965	626	match	965
HG02965	haplotype1-0000025	HG02965_haplotype1-0000025	UNPLACED	haplotype1_unused_utig4-1018	utig4-1018+	HG02965	627	match	3278
HG02965	haplotype1-0000035	HG02965_haplotype1-0000035	UNPLACED	haplotype1_unused_utig4-397	utig4-397+	HG02965	628	match	2225
HG02965	haplotype1-0000072	HG02965_haplotype1-0000072	UNPLACED	haplotype1_unused_utig4-632	utig4-632+	HG02965	629	match	1232
HG02965	haplotype1-0000073	HG02965_haplotype1-0000073	UNPLACED	haplotype1_unused_utig4-633	utig4-633+	HG02965	630	match	333
HG02965	haplotype1-0000074	HG02965_haplotype1-0000074	UNPLACED	haplotype1_unused_utig4-634	utig4-634+	HG02965	631	match	884
HG02965	haplotype1-0000077	HG02965_haplotype1-0000077	UNPLACED	haplotype1_unused_utig4-662	utig4-662+	HG02965	632	match	3782
HG02965	haplotype2-0000162	HG02965_haplotype2-0000162	UNPLACED	haplotype2_from_utig4-399	utig4-399+	HG02965	633	match	400
HG02965	haplotype2-0000167	HG02965_haplotype2-0000167	SCAFFOLD	haplotype2_from_utig4-663	utig4-663+	HG02965	634	match	261
HG02965	haplotype2-0000181	HG02965_haplotype2-0000181	UNPLACED	haplotype2_unused_utig4-662	utig4-662+	HG02965	635	match	622
HG02965	unassigned-0000228	HG02965_unassigned-0000228	UNPLACED	na_unused_utig4-1092	utig4-1092+	HG02965	636	match	171
HG02965	unassigned-0000384	HG02965_unassigned-0000384	UNPLACED	na_unused_utig4-37	utig4-37+	HG02965	637	match	2393
HG02965	unassigned-0000385	HG02965_unassigned-0000385	UNPLACED	na_unused_utig4-38	utig4-38+	HG02965	638	match	2327
HG02965	unassigned-0000386	HG02965_unassigned-0000386	UNPLACED	na_unused_utig4-39	utig4-39+	HG02965	639	match	1651
HG02965	unassigned-0000390	HG02965_unassigned-0000390	UNPLACED	na_unused_utig4-398	utig4-398+	HG02965	640	match	2715
HG02965	unassigned-0000392	HG02965_unassigned-0000392	UNPLACED	na_unused_utig4-40	utig4-40+	HG02965	641	match	964
HG02965	unassigned-0000393	HG02965_unassigned-0000393	UNPLACED	na_unused_utig4-401	utig4-401+	HG02965	642	match	1614
HG02965	unassigned-0000395	HG02965_unassigned-0000395	UNPLACED	na_unused_utig4-41	utig4-41+	HG02965	643	match	625
HG02965	unassigned-0000400	HG02965_unassigned-0000400	UNPLACED	na_unused_utig4-42	utig4-42+	HG02965	644	match	1927
HG02965	unassigned-0000403	HG02965_unassigned-0000403	UNPLACED	na_unused_utig4-43	utig4-43+	HG02965	645	match	445
HG02965	unassigned-0000530	HG02965_unassigned-0000530	UNPLACED	na_unused_utig4-667	utig4-667+	HG02965	646	match	3709
HG02965	unassigned-0000531	HG02965_unassigned-0000531	UNPLACED	na_unused_utig4-669	utig4-669+	HG02965	647	match	2402
HG02965	unassigned-0000557	HG02965_unassigned-0000557	UNPLACED	na_unused_utig4-792	utig4-792+	HG02965	648	match	893
HG02965	unassigned-0000558	HG02965_unassigned-0000558	UNPLACED	na_unused_utig4-793	utig4-793+	HG02965	649	match	2542
HG02965	unassigned-0000559	HG02965_unassigned-0000559	UNPLACED	na_unused_utig4-794	utig4-794+	HG02965	650	match	2311
HG02965	unassigned-0000579	HG02965_unassigned-0000579	UNPLACED_Cmpnt	na_unused_utig4-846	utig4-846+	HG02965	651	no-match	-1
HG02965	unassigned-0000625	HG02965_unassigned-0000625	UNPLACED	na_unused_utig4-958	utig4-958+	HG02965	652	match	3019
HG02965	unassigned-0000626	HG02965_unassigned-0000626	UNPLACED	na_unused_utig4-959	utig4-959+	HG02965	653	match	587
HG02965	unassigned-0000627	HG02965_unassigned-0000627	UNPLACED	na_unused_utig4-960	utig4-960+	HG02965	654	match	1650
HG02965	unassigned-0000628	HG02965_unassigned-0000628	UNPLACED	na_unused_utig4-961	utig4-961+	HG02965	655	match	3358
HG02965	unassigned-0000629	HG02965_unassigned-0000629	UNPLACED	na_unused_utig4-962	utig4-962+	HG02965	656	match	458
HG02984	haplotype1-0000013	HG02984_haplotype1-0000013	SCAFFOLD	haplotype1_from_utig4-297	utig4-297-,utig4-295+,utig4-1181-,utig4-1031-,utig4-1030+,[N27800N:ambig_bubble],utig4-1381+,[N1000N:ambig_bubble],utig4-468-,utig4-464-,utig4-465+,[N502153N:tangle],utig4-602+,[N67659N:ambig_bubble],utig4-474+	HG02984	657	match	2816
HG02984	haplotype2-0000151	HG02984_haplotype2-0000151	UNPLACED	haplotype2_unused_utig4-1032	utig4-1032+	HG02984	658	match	2196
HG02984	haplotype2-0000152	HG02984_haplotype2-0000152	UNPLACED	haplotype2_unused_utig4-1033	utig4-1033+	HG02984	659	match	2834
HG02984	haplotype2-0000160	HG02984_haplotype2-0000160	UNPLACED	haplotype2_unused_utig4-296	utig4-296+	HG02984	660	match	888
HG02984	haplotype2-0000186	HG02984_haplotype2-0000186	UNPLACED	haplotype2_unused_utig4-466	utig4-466+	HG02984	661	match	2372
HG02984	haplotype2-0000187	HG02984_haplotype2-0000187	UNPLACED	haplotype2_unused_utig4-467	utig4-467+	HG02984	662	match	249
HG02984	haplotype2-0000188	HG02984_haplotype2-0000188	UNPLACED	haplotype2_unused_utig4-469	utig4-469+	HG02984	663	match	564
HG02984	haplotype2-0000189	HG02984_haplotype2-0000189	UNPLACED	haplotype2_unused_utig4-470	utig4-470+	HG02984	664	match	591
HG02984	haplotype2-0000190	HG02984_haplotype2-0000190	UNPLACED	haplotype2_unused_utig4-475	utig4-475+	HG02984	665	match	2357
HG02984	haplotype2-0000191	HG02984_haplotype2-0000191	UNPLACED	haplotype2_unused_utig4-476	utig4-476+	HG02984	666	match	1074
HG02984	haplotype2-0000203	HG02984_haplotype2-0000203	UNPLACED	haplotype2_unused_utig4-599	utig4-599+	HG02984	667	match	2419
HG02984	haplotype2-0000204	HG02984_haplotype2-0000204	SCAFFOLD	haplotype2_unused_utig4-600	utig4-600+	HG02984	668	match	2898
HG02984	haplotype2-0000205	HG02984_haplotype2-0000205	SCAFFOLD	haplotype2_unused_utig4-601	utig4-601+	HG02984	669	match	1626
HG02984	haplotype2-0000206	HG02984_haplotype2-0000206	UNPLACED	haplotype2_unused_utig4-603	utig4-603+	HG02984	670	match	1866
HG02984	unassigned-0000408	HG02984_unassigned-0000408	UNPLACED_Cmpnt	na_unused_utig4-433	utig4-433+	HG02984	671	no-match	-1
HG03017	haplotype1-0000011	HG03017_haplotype1-0000011	SCAFFOLD	haplotype1_from_utig4-204	utig4-204+,utig4-1174+	HG03017	672	match	3621
HG03050	pat-0000469	HG03050_pat-0000469	SCAFFOLD	pat_from_utig4-156	utig4-157-,utig4-154-,[N5000N:ambig_path],utig4-156+	HG03050	673	match	860
HG03050	pat-0000537	HG03050_pat-0000537	UNPLACED	pat_unused_utig4-155	utig4-155+	HG03050	674	match	144
HG03098	haplotype1-0000004	HG03098_haplotype1-0000004	SCAFFOLD	haplotype1_from_utig4-1383	utig4-1383+,[N1000N:ambig_bubble],utig4-1266-,[N1000N:ambig_bubble],utig4-1384+	HG03098	675	match	1917
HG03098	haplotype1-0000006	HG03098_haplotype1-0000006	SCAFFOLD	haplotype1_from_utig4-1446	utig4-1446-,utig4-1256-,[N55142N:scaffold],utig4-1385-,[N105524N:ambig_bubble],utig4-1348+	HG03098	676	match	85
HG03098	haplotype1-0000029	HG03098_haplotype1-0000029	UNPLACED	haplotype1_unused_utig4-1037	utig4-1037+	HG03098	677	match	3213
HG03098	haplotype1-0000030	HG03098_haplotype1-0000030	UNPLACED	haplotype1_unused_utig4-1038	utig4-1038+	HG03098	678	match	3343
HG03098	haplotype1-0000031	HG03098_haplotype1-0000031	UNPLACED	haplotype1_unused_utig4-1039	utig4-1039+	HG03098	679	match	1732
HG03098	haplotype1-0000032	HG03098_haplotype1-0000032	UNPLACED	haplotype1_unused_utig4-1040	utig4-1040+	HG03098	680	match	2313
HG03098	haplotype1-0000033	HG03098_haplotype1-0000033	UNPLACED	haplotype1_unused_utig4-1041	utig4-1041+	HG03098	681	match	1791
HG03098	haplotype1-0000034	HG03098_haplotype1-0000034	UNPLACED	haplotype1_unused_utig4-1042	utig4-1042+	HG03098	682	match	2721
HG03098	haplotype1-0000035	HG03098_haplotype1-0000035	UNPLACED	haplotype1_unused_utig4-1043	utig4-1043+	HG03098	683	match	185
HG03098	haplotype1-0000036	HG03098_haplotype1-0000036	UNPLACED	haplotype1_unused_utig4-1249	utig4-1249+	HG03098	684	match	2214
HG03098	haplotype1-0000037	HG03098_haplotype1-0000037	UNPLACED	haplotype1_unused_utig4-1250	utig4-1250+	HG03098	685	match	527
HG03098	haplotype1-0000038	HG03098_haplotype1-0000038	UNPLACED	haplotype1_unused_utig4-1251	utig4-1251+	HG03098	686	match	216
HG03098	haplotype1-0000039	HG03098_haplotype1-0000039	UNPLACED	haplotype1_unused_utig4-1252	utig4-1252+	HG03098	687	match	2130
HG03098	haplotype1-0000040	HG03098_haplotype1-0000040	UNPLACED	haplotype1_unused_utig4-1253	utig4-1253+	HG03098	688	match	1648
HG03098	haplotype1-0000041	HG03098_haplotype1-0000041	UNPLACED	haplotype1_unused_utig4-1254	utig4-1254+	HG03098	689	match	2553
HG03098	haplotype1-0000042	HG03098_haplotype1-0000042	UNPLACED	haplotype1_unused_utig4-1255	utig4-1255+	HG03098	690	match	3914
HG03098	haplotype1-0000043	HG03098_haplotype1-0000043	UNPLACED	haplotype1_unused_utig4-1257	utig4-1257+	HG03098	691	match	2679
HG03098	haplotype1-0000044	HG03098_haplotype1-0000044	UNPLACED	haplotype1_unused_utig4-1260	utig4-1260+	HG03098	692	match	726
HG03098	haplotype1-0000045	HG03098_haplotype1-0000045	UNPLACED	haplotype1_unused_utig4-1261	utig4-1261+	HG03098	693	match	3776
HG03098	haplotype1-0000046	HG03098_haplotype1-0000046	UNPLACED	haplotype1_unused_utig4-1262	utig4-1262+	HG03098	694	match	59
HG03098	haplotype1-0000047	HG03098_haplotype1-0000047	UNPLACED	haplotype1_unused_utig4-1263	utig4-1263+	HG03098	695	match	2445
HG03098	haplotype1-0000048	HG03098_haplotype1-0000048	UNPLACED	haplotype1_unused_utig4-1264	utig4-1264+	HG03098	696	match	557
HG03098	haplotype1-0000049	HG03098_haplotype1-0000049	UNPLACED	haplotype1_unused_utig4-1267	utig4-1267+	HG03098	697	match	20
HG03098	haplotype1-0000050	HG03098_haplotype1-0000050	UNPLACED	haplotype1_unused_utig4-1270	utig4-1270+	HG03098	698	match	2181
HG03098	haplotype1-0000051	HG03098_haplotype1-0000051	UNPLACED	haplotype1_unused_utig4-1297	utig4-1297+	HG03098	699	match	1612
HG03098	haplotype1-0000052	HG03098_haplotype1-0000052	UNPLACED	haplotype1_unused_utig4-1298	utig4-1298+	HG03098	700	match	294
HG03098	haplotype1-0000055	HG03098_haplotype1-0000055	UNPLACED	haplotype1_unused_utig4-1340	utig4-1340+	HG03098	701	match	1657
HG03098	haplotype1-0000056	HG03098_haplotype1-0000056	UNPLACED	haplotype1_unused_utig4-1341	utig4-1341+	HG03098	702	match	990
HG03098	haplotype1-0000057	HG03098_haplotype1-0000057	UNPLACED	haplotype1_unused_utig4-1342	utig4-1342+	HG03098	703	match	1790
HG03098	haplotype1-0000058	HG03098_haplotype1-0000058	UNPLACED	haplotype1_unused_utig4-1343	utig4-1343+	HG03098	704	match	674
HG03098	haplotype1-0000059	HG03098_haplotype1-0000059	UNPLACED	haplotype1_unused_utig4-1344	utig4-1344+	HG03098	705	match	1261
HG03098	haplotype1-0000060	HG03098_haplotype1-0000060	UNPLACED	haplotype1_unused_utig4-1345	utig4-1345+	HG03098	706	match	2737
HG03098	haplotype1-0000061	HG03098_haplotype1-0000061	UNPLACED	haplotype1_unused_utig4-1346	utig4-1346+	HG03098	707	match	1382
HG03098	haplotype1-0000062	HG03098_haplotype1-0000062	UNPLACED	haplotype1_unused_utig4-1347	utig4-1347+	HG03098	708	match	1215
HG03098	haplotype1-0000063	HG03098_haplotype1-0000063	UNPLACED	haplotype1_unused_utig4-1349	utig4-1349+	HG03098	709	match	1142
HG03098	haplotype1-0000064	HG03098_haplotype1-0000064	UNPLACED	haplotype1_unused_utig4-1386	utig4-1386+	HG03098	710	match	1698
HG03098	haplotype1-0000068	HG03098_haplotype1-0000068	UNPLACED	haplotype1_unused_utig4-1472	utig4-1472+	HG03098	711	match	3047
HG03098	haplotype1-0000069	HG03098_haplotype1-0000069	UNPLACED	haplotype1_unused_utig4-1473	utig4-1473+	HG03098	712	match	275
HG03098	haplotype1-0000070	HG03098_haplotype1-0000070	UNPLACED	haplotype1_unused_utig4-1474	utig4-1474+	HG03098	713	match	1265
HG03098	haplotype1-0000071	HG03098_haplotype1-0000071	UNPLACED	haplotype1_unused_utig4-1475	utig4-1475+	HG03098	714	match	2392
HG03098	haplotype1-0000072	HG03098_haplotype1-0000072	UNPLACED	haplotype1_unused_utig4-1476	utig4-1476+	HG03098	715	match	303
HG03098	haplotype1-0000083	HG03098_haplotype1-0000083	UNPLACED	haplotype1_unused_utig4-1951	utig4-1951+	HG03098	716	match	679
HG03098	haplotype2-0000091	HG03098_haplotype2-0000091	UNPLACED	haplotype2_from_utig4-1447	utig4-1447+	HG03098	717	match	3496
HG03098	unassigned-0000441	HG03098_unassigned-0000441	UNPLACED_Cmpnt	na_unused_utig4-1247	utig4-1247+	HG03098	718	no-match	-1
HG03130	haplotype1-0000005	HG03130_haplotype1-0000005	UNPLACED	haplotype1_from_utig4-1617	utig4-1617+	HG03130	719	match	2060
HG03130	haplotype1-0000006	HG03130_haplotype1-0000006	SCAFFOLD	haplotype1_from_utig4-1618	utig4-271+,[N100000N:scaffold],utig4-1388+,utig4-1391+,utig4-1392+,utig4-2340-,[N5000N:ambig_path],utig4-1618-	HG03130	720	match	179
HG03130	haplotype1-0000027	HG03130_haplotype1-0000027	UNPLACED	haplotype1_from_utig4-919	utig4-919+	HG03130	721	match	3596
HG03130	haplotype2-0000110	HG03130_haplotype2-0000110	SCAFFOLD	haplotype2_from_utig4-656	utig4-656+	HG03130	722	match	1754
HG03130	haplotype2-0000124	HG03130_haplotype2-0000124	UNPLACED	haplotype2_unused_utig4-1389	utig4-1389+	HG03130	723	match	496
HG03130	haplotype2-0000125	HG03130_haplotype2-0000125	UNPLACED	haplotype2_unused_utig4-1390	utig4-1390+	HG03130	724	match	2549
HG03130	haplotype2-0000134	HG03130_haplotype2-0000134	UNPLACED	haplotype2_unused_utig4-2341	utig4-2341+	HG03130	725	match	1933
HG03130	unassigned-0000514	HG03130_unassigned-0000514	UNPLACED	na_unused_utig4-212	utig4-212+	HG03130	726	match	1748
HG03130	unassigned-0000516	HG03130_unassigned-0000516	UNPLACED	na_unused_utig4-213	utig4-213+	HG03130	727	match	41
HG03130	unassigned-0000517	HG03130_unassigned-0000517	UNPLACED	na_unused_utig4-214	utig4-214+	HG03130	728	match	3505
HG03130	unassigned-0000520	HG03130_unassigned-0000520	UNPLACED	na_unused_utig4-215	utig4-215+	HG03130	729	match	3276
HG03130	unassigned-0000521	HG03130_unassigned-0000521	UNPLACED	na_unused_utig4-216	utig4-216+	HG03130	730	match	307
HG03130	unassigned-0000556	HG03130_unassigned-0000556	UNPLACED	na_unused_utig4-2388	utig4-2388+	HG03130	731	match	998
HG03130	unassigned-0000557	HG03130_unassigned-0000557	UNPLACED	na_unused_utig4-2389	utig4-2389+	HG03130	732	match	84
HG03130	unassigned-0000558	HG03130_unassigned-0000558	UNPLACED	na_unused_utig4-2390	utig4-2390+	HG03130	733	match	3476
HG03130	unassigned-0000574	HG03130_unassigned-0000574	UNPLACED	na_unused_utig4-2457	utig4-2457+	HG03130	734	match	3733
HG03130	unassigned-0000591	HG03130_unassigned-0000591	UNPLACED_Cmpnt	na_unused_utig4-2528	utig4-2528+	HG03130	735	no-match	-1
HG03130	unassigned-0000861	HG03130_unassigned-0000861	UNPLACED	na_unused_utig4-677	utig4-677+	HG03130	736	match	1803
HG03130	unassigned-0000862	HG03130_unassigned-0000862	UNPLACED	na_unused_utig4-678	utig4-678+	HG03130	737	match	2098
HG03130	unassigned-0000863	HG03130_unassigned-0000863	UNPLACED	na_unused_utig4-679	utig4-679+	HG03130	738	match	2629
HG03130	unassigned-0000864	HG03130_unassigned-0000864	UNPLACED	na_unused_utig4-680	utig4-680+	HG03130	739	match	829
HG03130	unassigned-0000964	HG03130_unassigned-0000964	UNPLACED	na_unused_utig4-918	utig4-918+	HG03130	740	match	2735
HG03130	unassigned-0000966	HG03130_unassigned-0000966	UNPLACED	na_unused_utig4-920	utig4-920+	HG03130	741	match	2386
HG03130	unassigned-0000967	HG03130_unassigned-0000967	UNPLACED	na_unused_utig4-921	utig4-921+	HG03130	742	match	1409
HG03139	haplotype1-0000013	HG03139_haplotype1-0000013	SCAFFOLD	haplotype1_from_utig4-680	utig4-679+,utig4-680+,utig4-974+,utig4-632-,utig4-631+	HG03139	743	match	206
HG03139	haplotype2-0000332	HG03139_haplotype2-0000332	UNPLACED	haplotype2_unused_utig4-681	utig4-681+	HG03139	744	match	837
HG03209	haplotype1-0000002	HG03209_haplotype1-0000002	SCAFFOLD	haplotype1_from_utig4-1023	utig4-362+,utig4-363+,utig4-365+,utig4-1023+,[N5000N:ambig_path],utig4-169-,[N118423N:tangle],utig4-170+	HG03209	745	match	2471
HG03209	haplotype1-0000008	HG03209_haplotype1-0000008	UNPLACED	haplotype1_from_utig4-364	utig4-364+,[N1000N:alt-utig4-363],utig4-107-,utig4-30+,utig4-366-	HG03209	746	match	1902
HG03209	haplotype2-0000194	HG03209_haplotype2-0000194	UNPLACED	haplotype2_from_utig4-29	utig4-1024+,utig4-52-,utig4-31-,utig4-28-,utig4-29+,utig4-366-	HG03209	747	match	1689
HG03209	haplotype2-0000215	HG03209_haplotype2-0000215	UNPLACED	haplotype2_unused_utig4-1025	utig4-1025+	HG03209	748	match	559
HG03209	haplotype2-0000216	HG03209_haplotype2-0000216	UNPLACED	haplotype2_unused_utig4-1026	utig4-1026+	HG03209	749	match	1692
HG03209	haplotype2-0000232	HG03209_haplotype2-0000232	UNPLACED	haplotype2_unused_utig4-1091	utig4-1091+	HG03209	750	match	1024
HG03209	haplotype2-0000233	HG03209_haplotype2-0000233	SCAFFOLD	haplotype2_unused_utig4-1092	utig4-1092+	HG03209	751	match	680
HG03209	haplotype2-0000247	HG03209_haplotype2-0000247	UNPLACED	haplotype2_unused_utig4-167	utig4-167+	HG03209	752	match	1667
HG03209	haplotype2-0000248	HG03209_haplotype2-0000248	UNPLACED	haplotype2_unused_utig4-168	utig4-168+	HG03209	753	match	1481
HG03209	haplotype2-0000249	HG03209_haplotype2-0000249	UNPLACED	haplotype2_unused_utig4-171	utig4-171+	HG03209	754	match	407
HG03209	haplotype2-0000250	HG03209_haplotype2-0000250	UNPLACED	haplotype2_unused_utig4-172	utig4-172+	HG03209	755	match	1483
HG03209	unassigned-0000298	HG03209_unassigned-0000298	UNPLACED_Cmpnt	na_unused_utig4-1015	utig4-1015+	HG03209	756	no-match	-1
HG03209	unassigned-0000300	HG03209_unassigned-0000300	UNPLACED	na_unused_utig4-1027	utig4-1027+	HG03209	757	match	575
HG03209	unassigned-0000369	HG03209_unassigned-0000369	UNPLACED	na_unused_utig4-32	utig4-32+	HG03209	758	match	246
HG03209	unassigned-0000401	HG03209_unassigned-0000401	UNPLACED	na_unused_utig4-51	utig4-51+	HG03209	759	match	2923
HG03225	haplotype1-0000015	HG03225_haplotype1-0000015	SCAFFOLD	haplotype1_from_utig4-623	utig4-623+	HG03225	760	match	1076
HG03471	haplotype1-0000006	HG03471_haplotype1-0000006	SCAFFOLD	haplotype1_from_utig4-1288	utig4-1286+,utig4-1288+	HG03471	761	match	1257
HG03492	pat-0000828	HG03492_pat-0000828	SCAFFOLD	pat_from_utig4-1202	utig4-1202+,utig4-1988+	HG03492	762	match	3583
HG03492	pat-0000829	HG03492_pat-0000829	SCAFFOLD	pat_from_utig4-1211	utig4-1212-,utig4-1209-,[N5000N:ambig_path],utig4-1211+,utig4-2092-	HG03492	763	match	1997
HG03492	pat-0000921	HG03492_pat-0000921	UNPLACED	pat_unused_utig4-1210	utig4-1210+	HG03492	764	match	938
HG03492	pat-0001058	HG03492_pat-0001058	UNPLACED	pat_unused_utig4-1975	utig4-1975+	HG03492	765	match	692
HG03521	haplotype1-0000022	HG03521_haplotype1-0000022	SCAFFOLD	haplotype1_from_utig4-603	utig4-123+,[N272563N:tangle],utig4-603+,utig4-1440-,[N32137N:scaffold],utig4-560+	HG03521	766	match	3515
HG03521	haplotype2-0000125	HG03521_haplotype2-0000125	UNPLACED	haplotype2_unused_utig4-1441	utig4-1441+	HG03521	767	match	1187
HG03521	haplotype2-0000188	HG03521_haplotype2-0000188	UNPLACED	haplotype2_unused_utig4-561	utig4-561+	HG03521	768	match	364
HG03521	haplotype2-0000189	HG03521_haplotype2-0000189	UNPLACED	haplotype2_unused_utig4-562	utig4-562+	HG03521	769	match	529
HG03521	haplotype2-0000192	HG03521_haplotype2-0000192	UNPLACED	haplotype2_unused_utig4-581	utig4-581+	HG03521	770	match	2635
HG03521	haplotype2-0000193	HG03521_haplotype2-0000193	UNPLACED	haplotype2_unused_utig4-582	utig4-582+	HG03521	771	match	2374
HG03521	haplotype2-0000194	HG03521_haplotype2-0000194	UNPLACED	haplotype2_unused_utig4-583	utig4-583+	HG03521	772	match	1900
HG03521	haplotype2-0000198	HG03521_haplotype2-0000198	UNPLACED	haplotype2_unused_utig4-602	utig4-602+	HG03521	773	match	2700
HG03521	haplotype2-0000199	HG03521_haplotype2-0000199	UNPLACED	haplotype2_unused_utig4-604	utig4-604+	HG03521	774	match	141
HG03521	haplotype2-0000200	HG03521_haplotype2-0000200	UNPLACED	haplotype2_unused_utig4-605	utig4-605+	HG03521	775	match	2268
HG03521	haplotype2-0000201	HG03521_haplotype2-0000201	UNPLACED	haplotype2_unused_utig4-606	utig4-606+	HG03521	776	match	1203
HG03521	haplotype2-0000202	HG03521_haplotype2-0000202	UNPLACED	haplotype2_unused_utig4-607	utig4-607+	HG03521	777	match	2830
HG03579	haplotype1-0000023	HG03579_haplotype1-0000023	SCAFFOLD	haplotype1_from_utig4-622	utig4-622+	HG03579	778	match	2304
HG03654	haplotype1-0000012	HG03654_haplotype1-0000012	SCAFFOLD	haplotype1_from_utig4-1659	utig4-840-,utig4-838+,utig4-841+,utig4-1658-,[N1000N:ambig_bubble],utig4-1195-,[N5000N:ambig_path],utig4-1659+,utig4-2516-,[N5000N:ambig_path],utig4-2550-,utig4-2511-,utig4-2512+,utig4-1845-,utig4-1843+,utig4-1846+,utig4-2484+	HG03654	779	match	3085
HG03654	haplotype2-0000100	HG03654_haplotype2-0000100	UNPLACED	haplotype2_from_utig4-842	utig4-839-,utig4-838+,utig4-842+	HG03654	780	no-match	-1
HG03654	haplotype2-0000103	HG03654_haplotype2-0000103	UNPLACED	haplotype2_unused_utig4-1196	utig4-1196+	HG03654	781	match	3890
HG03654	haplotype2-0000104	HG03654_haplotype2-0000104	UNPLACED	haplotype2_unused_utig4-1197	utig4-1197+	HG03654	782	match	1035
HG03654	haplotype2-0000105	HG03654_haplotype2-0000105	UNPLACED	haplotype2_unused_utig4-1198	utig4-1198+	HG03654	783	match	2755
HG03654	haplotype2-0000131	HG03654_haplotype2-0000131	UNPLACED	haplotype2_unused_utig4-1844	utig4-1844+	HG03654	784	match	1028
HG03654	haplotype2-0000201	HG03654_haplotype2-0000201	UNPLACED	haplotype2_unused_utig4-2513	utig4-2513+	HG03654	785	match	1635
HG03654	haplotype2-0000202	HG03654_haplotype2-0000202	UNPLACED	haplotype2_unused_utig4-2514	utig4-2514+	HG03654	786	match	892
HG03654	haplotype2-0000203	HG03654_haplotype2-0000203	UNPLACED	haplotype2_unused_utig4-2515	utig4-2515+	HG03654	787	match	944
HG03654	haplotype2-0000204	HG03654_haplotype2-0000204	UNPLACED	haplotype2_unused_utig4-2517	utig4-2517+	HG03654	788	match	841
HG03688	haplotype1-0000013	HG03688_haplotype1-0000013	SCAFFOLD	haplotype1_from_utig4-359	utig4-620+,utig4-1716-,utig4-360-,utig4-358-,utig4-359+,utig4-2054+,utig4-2123+	HG03688	789	match	824
HG03688	haplotype2-0000128	HG03688_haplotype2-0000128	UNPLACED	haplotype2_from_utig4-2009	utig4-2009+,[N5000N:ambig_path],utig4-2055+	HG03688	790	match	3151
HG03710	haplotype1-0000009	HG03710_haplotype1-0000009	SCAFFOLD	haplotype1_from_utig4-2032	utig4-2106-,[N133211N:tangle],utig4-2033-,utig4-2030-,[N5000N:ambig_path],utig4-2032+	HG03710	791	match	111
HG03710	haplotype2-0000095	HG03710_haplotype2-0000095	UNPLACED	haplotype2_unused_utig4-2031	utig4-2031+	HG03710	792	match	906
HG03710	haplotype2-0000100	HG03710_haplotype2-0000100	UNPLACED	haplotype2_unused_utig4-2088	utig4-2088+	HG03710	793	match	2440
HG03710	haplotype2-0000101	HG03710_haplotype2-0000101	UNPLACED	haplotype2_unused_utig4-2089	utig4-2089+	HG03710	794	match	1848
HG03710	haplotype2-0000102	HG03710_haplotype2-0000102	UNPLACED	haplotype2_unused_utig4-2090	utig4-2090+	HG03710	795	match	2044
HG03710	haplotype2-0000103	HG03710_haplotype2-0000103	UNPLACED	haplotype2_unused_utig4-2091	utig4-2091+	HG03710	796	match	2177
HG03710	haplotype2-0000104	HG03710_haplotype2-0000104	UNPLACED	haplotype2_unused_utig4-2105	utig4-2105+	HG03710	797	match	2576
HG03742	haplotype1-0000022	HG03742_haplotype1-0000022	SCAFFOLD	haplotype1_from_utig4-2124	utig4-614-,utig4-613+,[N5000N:ambig_path],utig4-615+,utig4-1260-,[N5000N:ambig_path],utig4-11-,[N406606N:tangle],utig4-2124+	HG03742	798	match	3426
HG03742	haplotype2-0000092	HG03742_haplotype2-0000092	UNPLACED	haplotype2_unused_utig4-10	utig4-10+	HG03742	799	match	91
HG03742	haplotype2-0000093	HG03742_haplotype2-0000093	UNPLACED	haplotype2_unused_utig4-1261	utig4-1261+	HG03742	800	match	3083
HG03742	haplotype2-0000108	HG03742_haplotype2-0000108	UNPLACED	haplotype2_unused_utig4-1996	utig4-1996+	HG03742	801	match	1036
HG03742	haplotype2-0000109	HG03742_haplotype2-0000109	UNPLACED	haplotype2_unused_utig4-2001	utig4-2001+	HG03742	802	match	103
HG03742	haplotype2-0000115	HG03742_haplotype2-0000115	UNPLACED	haplotype2_unused_utig4-2079	utig4-2079+	HG03742	803	match	882
HG03742	haplotype2-0000116	HG03742_haplotype2-0000116	UNPLACED	haplotype2_unused_utig4-2080	utig4-2080+	HG03742	804	match	2569
HG03742	haplotype2-0000117	HG03742_haplotype2-0000117	UNPLACED	haplotype2_unused_utig4-2081	utig4-2081+	HG03742	805	match	1510
HG03742	haplotype2-0000122	HG03742_haplotype2-0000122	UNPLACED	haplotype2_unused_utig4-2123	utig4-2123+	HG03742	806	match	1861
HG03742	haplotype2-0000142	HG03742_haplotype2-0000142	UNPLACED	haplotype2_unused_utig4-616	utig4-616+	HG03742	807	match	1195
HG03742	haplotype2-0000143	HG03742_haplotype2-0000143	UNPLACED	haplotype2_unused_utig4-617	utig4-617+	HG03742	808	match	1818
HG03742	haplotype2-0000144	HG03742_haplotype2-0000144	UNPLACED	haplotype2_unused_utig4-618	utig4-618+	HG03742	809	match	3362
HG03742	haplotype2-0000146	HG03742_haplotype2-0000146	UNPLACED	haplotype2_unused_utig4-7	utig4-7+	HG03742	810	match	192
HG03742	haplotype2-0000147	HG03742_haplotype2-0000147	UNPLACED	haplotype2_unused_utig4-8	utig4-8+	HG03742	811	match	3302
HG03742	haplotype2-0000148	HG03742_haplotype2-0000148	UNPLACED	haplotype2_unused_utig4-9	utig4-9+	HG03742	812	match	373
HG03742	unassigned-0000579	HG03742_unassigned-0000579	UNPLACED_Cmpnt	na_unused_utig4-50	utig4-50+	HG03742	813	no-match	-1
HG03942	pat-0000808	HG03942_pat-0000808	UNPLACED	pat_from_utig4-2704	utig4-2704+	HG03942	814	match	1770
HG03942	pat-0000809	HG03942_pat-0000809	UNPLACED	pat_from_utig4-2705	utig4-2705+	HG03942	815	match	3822
HG03942	pat-0000810	HG03942_pat-0000810	UNPLACED	pat_from_utig4-2707	utig4-2707+	HG03942	816	match	2023
HG03942	pat-0000811	HG03942_pat-0000811	SCAFFOLD	pat_from_utig4-2763	utig4-2703+,utig4-2706+,utig4-2761-,[N5000N:ambig_path],utig4-2763+	HG03942	817	match	1977
HG03942	pat-0000813	HG03942_pat-0000813	SCAFFOLD	pat_from_utig4-2943	utig4-2943+	HG03942	818	match	2237
HG03942	pat-0000909	HG03942_pat-0000909	UNPLACED	pat_unused_utig4-2762	utig4-2762+	HG03942	819	match	121
HG04115	pat-0001036	HG04115_pat-0001036	SCAFFOLD	pat_from_utig4-1677	utig4-1677+,[N919568N:tangle],utig4-3401+,[N5000N:ambig_path],utig4-888-,utig4-890+	HG04115	820	match	232
HG04115	pat-0001064	HG04115_pat-0001064	UNPLACED	pat_unused_utig4-1165	utig4-1165+	HG04115	821	match	1700
HG04115	pat-0001065	HG04115_pat-0001065	UNPLACED	pat_unused_utig4-1166	utig4-1166+	HG04115	822	match	585
HG04115	pat-0001066	HG04115_pat-0001066	UNPLACED	pat_unused_utig4-1167	utig4-1167+	HG04115	823	match	1762
HG04115	pat-0001067	HG04115_pat-0001067	UNPLACED	pat_unused_utig4-1168	utig4-1168+	HG04115	824	match	2183
HG04115	pat-0001068	HG04115_pat-0001068	UNPLACED	pat_unused_utig4-1169	utig4-1169+	HG04115	825	match	1609
HG04115	pat-0001069	HG04115_pat-0001069	UNPLACED	pat_unused_utig4-1170	utig4-1170+	HG04115	826	match	1293
HG04115	pat-0001070	HG04115_pat-0001070	UNPLACED	pat_unused_utig4-1171	utig4-1171+	HG04115	827	match	2191
HG04115	pat-0001103	HG04115_pat-0001103	UNPLACED	pat_unused_utig4-1680	utig4-1680+	HG04115	828	match	1159
HG04115	pat-0001133	HG04115_pat-0001133	UNPLACED	pat_unused_utig4-2970	utig4-2970+	HG04115	829	match	1096
HG04115	pat-0001134	HG04115_pat-0001134	UNPLACED	pat_unused_utig4-2971	utig4-2971+	HG04115	830	match	1303
HG04115	pat-0001147	HG04115_pat-0001147	UNPLACED	pat_unused_utig4-3271	utig4-3271+	HG04115	831	match	100
HG04115	pat-0001148	HG04115_pat-0001148	UNPLACED	pat_unused_utig4-3272	utig4-3272+	HG04115	832	match	1330
HG04115	pat-0001149	HG04115_pat-0001149	UNPLACED	pat_unused_utig4-3273	utig4-3273+	HG04115	833	match	954
HG04115	pat-0001150	HG04115_pat-0001150	UNPLACED	pat_unused_utig4-3274	utig4-3274+	HG04115	834	match	145
HG04115	pat-0001152	HG04115_pat-0001152	UNPLACED	pat_unused_utig4-3290	utig4-3290+	HG04115	835	match	1048
HG04115	pat-0001153	HG04115_pat-0001153	UNPLACED	pat_unused_utig4-3291	utig4-3291+	HG04115	836	match	1905
HG04115	pat-0001154	HG04115_pat-0001154	UNPLACED	pat_unused_utig4-3292	utig4-3292+	HG04115	837	match	878
HG04115	pat-0001157	HG04115_pat-0001157	UNPLACED	pat_unused_utig4-3400	utig4-3400+	HG04115	838	match	412
HG04115	pat-0001206	HG04115_pat-0001206	UNPLACED	pat_unused_utig4-783	utig4-783+	HG04115	839	match	1192
HG04115	pat-0001207	HG04115_pat-0001207	UNPLACED	pat_unused_utig4-784	utig4-784+	HG04115	840	match	572
HG04115	pat-0001208	HG04115_pat-0001208	UNPLACED	pat_unused_utig4-785	utig4-785+	HG04115	841	match	66
HG04115	pat-0001209	HG04115_pat-0001209	UNPLACED	pat_unused_utig4-786	utig4-786+	HG04115	842	match	320
HG04115	pat-0001210	HG04115_pat-0001210	UNPLACED	pat_unused_utig4-787	utig4-787+	HG04115	843	match	1768
HG04115	pat-0001211	HG04115_pat-0001211	UNPLACED	pat_unused_utig4-825	utig4-825+	HG04115	844	match	1943
HG04115	pat-0001212	HG04115_pat-0001212	UNPLACED	pat_unused_utig4-826	utig4-826+	HG04115	845	match	1813
HG04115	pat-0001213	HG04115_pat-0001213	UNPLACED	pat_unused_utig4-827	utig4-827+	HG04115	846	match	1477
HG04115	pat-0001217	HG04115_pat-0001217	UNPLACED	pat_unused_utig4-889	utig4-889+	HG04115	847	match	1
HG04115	pat-0001218	HG04115_pat-0001218	UNPLACED	pat_unused_utig4-891	utig4-891+	HG04115	848	match	1875
HG04115	pat-0001219	HG04115_pat-0001219	UNPLACED	pat_unused_utig4-892	utig4-892+	HG04115	849	match	2602
HG04115	pat-0001220	HG04115_pat-0001220	UNPLACED	pat_unused_utig4-893	utig4-893+	HG04115	850	match	83
HG04115	pat-0001221	HG04115_pat-0001221	UNPLACED	pat_unused_utig4-894	utig4-894+	HG04115	851	match	1913
HG04115	pat-0001222	HG04115_pat-0001222	UNPLACED	pat_unused_utig4-895	utig4-895+	HG04115	852	match	1482
HG04115	pat-0001223	HG04115_pat-0001223	UNPLACED	pat_unused_utig4-896	utig4-896+	HG04115	853	match	2056
HG04115	pat-0001224	HG04115_pat-0001224	UNPLACED	pat_unused_utig4-897	utig4-897+	HG04115	854	match	287
HG04157	haplotype1-0000023	HG04157_haplotype1-0000023	SCAFFOLD	haplotype1_from_utig4-2575	utig4-2575+	HG04157	855	match	1687
HG04157	haplotype1-0000029	HG04157_haplotype1-0000029	SCAFFOLD	haplotype1_from_utig4-727	utig4-1734-,[N66648N:scaffold],utig4-727-,[N5000N:ambig_path],utig4-726-,utig4-728+	HG04157	856	match	1539
HG04157	haplotype2-0000083	HG04157_haplotype2-0000083	UNPLACED	haplotype2_from_utig4-1476	utig4-1476+,utig4-1494+,utig4-1475-,utig4-1473+	HG04157	857	match	181
HG04157	haplotype2-0000084	HG04157_haplotype2-0000084	SCAFFOLD	haplotype2_from_utig4-1477	utig4-1477+,[N1000N:alt-utig4-1476],utig4-1493+,utig4-2580-	HG04157	858	match	1874
HG04157	haplotype2-0000114	HG04157_haplotype2-0000114	UNPLACED	haplotype2_unused_utig4-1679	utig4-1679+	HG04157	859	match	167
HG04157	haplotype2-0000143	HG04157_haplotype2-0000143	UNPLACED	haplotype2_unused_utig4-2411	utig4-2411+	HG04157	860	match	2921
HG04157	haplotype2-0000150	HG04157_haplotype2-0000150	UNPLACED	haplotype2_unused_utig4-2497	utig4-2497+	HG04157	861	match	367
HG04157	haplotype2-0000167	HG04157_haplotype2-0000167	UNPLACED	haplotype2_unused_utig4-729	utig4-729+	HG04157	862	match	775
HG04157	haplotype2-0000168	HG04157_haplotype2-0000168	UNPLACED	haplotype2_unused_utig4-730	utig4-730+	HG04157	863	match	189
HG04157	haplotype2-0000169	HG04157_haplotype2-0000169	UNPLACED	haplotype2_unused_utig4-731	utig4-731+	HG04157	864	match	1428
HG04157	unassigned-0000289	HG04157_unassigned-0000289	UNPLACED	na_unused_utig4-1474	utig4-1474+	HG04157	865	match	2449
HG04157	unassigned-0000769	HG04157_unassigned-0000769	UNPLACED	na_unused_utig4-2409	utig4-2409+	HG04157	866	match	2285
HG04157	unassigned-0000771	HG04157_unassigned-0000771	UNPLACED	na_unused_utig4-2410	utig4-2410+	HG04157	867	match	1487
HG04157	unassigned-0000801	HG04157_unassigned-0000801	UNPLACED	na_unused_utig4-2498	utig4-2498+	HG04157	868	match	3535
HG04157	unassigned-0000802	HG04157_unassigned-0000802	UNPLACED	na_unused_utig4-2499	utig4-2499+	HG04157	869	match	1050
HG04157	unassigned-0000803	HG04157_unassigned-0000803	UNPLACED	na_unused_utig4-2500	utig4-2500+	HG04157	870	match	772
HG04157	unassigned-0000821	HG04157_unassigned-0000821	UNPLACED	na_unused_utig4-2576	utig4-2576+	HG04157	871	match	3479
HG04157	unassigned-0000822	HG04157_unassigned-0000822	UNPLACED	na_unused_utig4-2577	utig4-2577+	HG04157	872	match	1456
HG04160	haplotype1-0000015	HG04160_haplotype1-0000015	UNPLACED	haplotype1_from_utig4-3292	utig4-3292+	HG04160	873	match	3087
HG04160	haplotype1-0000022	HG04160_haplotype1-0000022	SCAFFOLD	haplotype1_from_utig4-443	utig4-444-,utig4-442+,[N5000N:ambig_path],utig4-443+,utig4-3293-,utig4-3291-	HG04160	874	match	3760
HG04160	haplotype2-0000188	HG04160_haplotype2-0000188	UNPLACED	haplotype2_unused_utig4-445	utig4-445+	HG04160	875	match	2231
HG04187	pat-0000904	HG04187_pat-0000904	SCAFFOLD	pat_from_utig4-2624	utig4-374-,utig4-372+,[N5000N:ambig_path],utig4-3616+,utig4-2623-,utig4-2620-,[N1000N:ambig_bubble],utig4-3555+,[N1000N:ambig_bubble],utig4-3618-,[N23100N:ambig_bubble],utig4-2021+,[N5000N:ambig_path],utig4-2624+	HG04187	876	match	3543
HG04187	pat-0000933	HG04187_pat-0000933	UNPLACED	pat_unused_utig4-1420	utig4-1420+	HG04187	877	match	1393
HG04187	pat-0000934	HG04187_pat-0000934	UNPLACED	pat_unused_utig4-1421	utig4-1421+	HG04187	878	match	257
HG04187	pat-0000935	HG04187_pat-0000935	UNPLACED	pat_unused_utig4-1422	utig4-1422+	HG04187	879	match	868
HG04187	pat-0000936	HG04187_pat-0000936	UNPLACED	pat_unused_utig4-1423	utig4-1423+	HG04187	880	match	797
HG04187	pat-0000937	HG04187_pat-0000937	UNPLACED	pat_unused_utig4-1424	utig4-1424+	HG04187	881	match	2222
HG04187	pat-0001047	HG04187_pat-0001047	UNPLACED	pat_unused_utig4-2022	utig4-2022+	HG04187	882	match	494
HG04187	pat-0001048	HG04187_pat-0001048	UNPLACED	pat_unused_utig4-2023	utig4-2023+	HG04187	883	match	879
HG04187	pat-0001049	HG04187_pat-0001049	UNPLACED	pat_unused_utig4-2024	utig4-2024+	HG04187	884	match	2251
HG04187	pat-0001050	HG04187_pat-0001050	UNPLACED	pat_unused_utig4-2025	utig4-2025+	HG04187	885	match	2669
HG04187	pat-0001051	HG04187_pat-0001051	UNPLACED	pat_unused_utig4-2026	utig4-2026+	HG04187	886	match	3516
HG04187	pat-0001052	HG04187_pat-0001052	UNPLACED	pat_unused_utig4-2027	utig4-2027+	HG04187	887	match	2949
HG04187	pat-0001053	HG04187_pat-0001053	UNPLACED	pat_unused_utig4-2028	utig4-2028+	HG04187	888	match	1638
HG04187	pat-0001054	HG04187_pat-0001054	UNPLACED	pat_unused_utig4-2029	utig4-2029+	HG04187	889	match	881
HG04187	pat-0001055	HG04187_pat-0001055	UNPLACED	pat_unused_utig4-2030	utig4-2030+	HG04187	890	match	2287
HG04187	pat-0001056	HG04187_pat-0001056	UNPLACED	pat_unused_utig4-2031	utig4-2031+	HG04187	891	match	663
HG04187	pat-0001113	HG04187_pat-0001113	UNPLACED	pat_unused_utig4-2621	utig4-2621+	HG04187	892	match	2577
HG04187	pat-0001114	HG04187_pat-0001114	UNPLACED	pat_unused_utig4-2622	utig4-2622+	HG04187	893	match	3180
HG04187	pat-0001115	HG04187_pat-0001115	UNPLACED	pat_unused_utig4-2625	utig4-2625+	HG04187	894	match	970
HG04187	pat-0001116	HG04187_pat-0001116	UNPLACED	pat_unused_utig4-2626	utig4-2626+	HG04187	895	match	2884
HG04187	pat-0001133	HG04187_pat-0001133	UNPLACED	pat_unused_utig4-3529	utig4-3529+	HG04187	896	match	241
HG04187	pat-0001144	HG04187_pat-0001144	UNPLACED	pat_unused_utig4-3556	utig4-3556+	HG04187	897	match	1726
HG04187	pat-0001145	HG04187_pat-0001145	UNPLACED	pat_unused_utig4-3557	utig4-3557+	HG04187	898	match	925
HG04187	pat-0001165	HG04187_pat-0001165	UNPLACED	pat_unused_utig4-3617	utig4-3617+	HG04187	899	match	3894
HG04187	pat-0001167	HG04187_pat-0001167	UNPLACED	pat_unused_utig4-373	utig4-373+	HG04187	900	match	2634
HG04187	pat-0001168	HG04187_pat-0001168	UNPLACED	pat_unused_utig4-375	utig4-375+	HG04187	901	match	3418
HG04199	haplotype1-0000001	HG04199_haplotype1-0000001	SCAFFOLD	haplotype1_from_utig4-1006	utig4-1006+,[N5000N:ambig_path],utig4-2715-,utig4-2716+,[N53255N:tangle],utig4-654-,[N100000N:scaffold],utig4-2831-	HG04199	902	match	288
HG04199	haplotype2-0000138	HG04199_haplotype2-0000138	UNPLACED	haplotype2_unused_utig4-2717	utig4-2717+	HG04199	903	match	1411
HG04199	haplotype2-0000139	HG04199_haplotype2-0000139	UNPLACED	haplotype2_unused_utig4-2795	utig4-2795+	HG04199	904	match	603
HG04199	haplotype2-0000140	HG04199_haplotype2-0000140	UNPLACED	haplotype2_unused_utig4-2796	utig4-2796+	HG04199	905	match	1117
HG04204	haplotype1-0000022	HG04204_haplotype1-0000022	SCAFFOLD	haplotype1_from_utig4-704	utig4-704-,[N61446N:tangle],utig4-703+,[N100000N:scaffold],utig4-2965+	HG04204	906	match	2686
HG04204	haplotype1-0000146	HG04204_haplotype1-0000146	UNPLACED	haplotype1_unused_utig4-675	utig4-675+	HG04204	907	match	1137
HG04204	haplotype1-0000147	HG04204_haplotype1-0000147	UNPLACED	haplotype1_unused_utig4-676	utig4-676+	HG04204	908	match	696
HG04204	haplotype1-0000148	HG04204_haplotype1-0000148	UNPLACED	haplotype1_unused_utig4-677	utig4-677+	HG04204	909	match	23
HG04204	haplotype2-0000170	HG04204_haplotype2-0000170	UNPLACED	haplotype2_from_utig4-1409	utig4-1409+,utig4-2932+	HG04204	910	no-match	-1
HG04228	haplotype1-0000011	HG04228_haplotype1-0000011	SCAFFOLD	haplotype1_from_utig4-1744	utig4-1744+,utig4-1835-,utig4-1833+,utig4-1834-,utig4-1838+	HG04228	911	match	3907
HG04228	unassigned-0000468	HG04228_unassigned-0000468	UNPLACED_Cmpnt	na_unused_utig4-1935	utig4-1935+	HG04228	912	no-match	-1
NA18522	haplotype1-0000020	NA18522_haplotype1-0000020	SCAFFOLD	haplotype1_from_utig4-831	utig4-831+	NA18522	913	match	3277
NA18608	haplotype1-0000026	NA18608_haplotype1-0000026	SCAFFOLD	haplotype1_from_utig4-943	utig4-940+,utig4-943+	NA18608	914	match	3398
NA18608	haplotype2-0000085	NA18608_haplotype2-0000085	UNPLACED	haplotype2_from_utig4-359	utig4-946-,utig4-944-,utig4-940-,[N1000N:ambig_bubble],utig4-945-,[N100000N:scaffold],utig4-359+	NA18608	915	no-match	-1
NA18608	unassigned-0000644	NA18608_unassigned-0000644	UNPLACED	na_unused_utig4-941	utig4-941+	NA18608	916	match	438
NA18608	unassigned-0000645	NA18608_unassigned-0000645	UNPLACED	na_unused_utig4-942	utig4-942+	NA18608	917	match	2592
NA18612	haplotype1-0000005	NA18612_haplotype1-0000005	SCAFFOLD	haplotype1_from_utig4-1379	utig4-2159-,utig4-1381-,utig4-1379+	NA18612	918	match	1636
NA18612	haplotype2-0000088	NA18612_haplotype2-0000088	SCAFFOLD	haplotype2_from_utig4-2160	utig4-2043-,utig4-2042-,utig4-2041+,[N185125N:ambig_bubble],utig4-1603-,[N5000N:ambig_path],utig4-1605+,utig4-2159+,utig4-2160+	NA18612	919	match	1006
NA18612	haplotype2-0000257	NA18612_haplotype2-0000257	UNPLACED	haplotype2_unused_utig4-1604	utig4-1604+	NA18612	920	match	1256
NA18612	haplotype2-0000258	NA18612_haplotype2-0000258	UNPLACED	haplotype2_unused_utig4-1606	utig4-1606+	NA18612	921	match	2217
NA18612	haplotype2-0000259	NA18612_haplotype2-0000259	UNPLACED	haplotype2_unused_utig4-1607	utig4-1607+	NA18612	922	match	55
NA18612	haplotype2-0000260	NA18612_haplotype2-0000260	UNPLACED	haplotype2_unused_utig4-1608	utig4-1608+	NA18612	923	match	2882
NA18612	haplotype2-0000276	NA18612_haplotype2-0000276	UNPLACED	haplotype2_unused_utig4-1954	utig4-1954+	NA18612	924	match	2354
NA18612	haplotype2-0000277	NA18612_haplotype2-0000277	UNPLACED	haplotype2_unused_utig4-1955	utig4-1955+	NA18612	925	match	54
NA18612	haplotype2-0000278	NA18612_haplotype2-0000278	UNPLACED	haplotype2_unused_utig4-1956	utig4-1956+	NA18612	926	match	362
NA18612	unassigned-0000413	NA18612_unassigned-0000413	UNPLACED	na_unused_utig4-1380	utig4-1380+	NA18612	927	match	1990
NA18612	unassigned-0000502	NA18612_unassigned-0000502	UNPLACED_Cmpnt	na_unused_utig4-1649	utig4-1649+	NA18612	928	no-match	-1
NA18620	haplotype1-0000001	NA18620_haplotype1-0000001	SCAFFOLD	haplotype1_from_utig4-1187	utig4-1951+,utig4-1952+,utig4-1187+,utig4-1947+,utig4-2042+	NA18620	929	match	874
NA18620	haplotype1-0000007	NA18620_haplotype1-0000007	UNPLACED	haplotype1_from_utig4-1944	utig4-1944+,utig4-1987-,utig4-1985-,utig4-1982-,[N70314N:ambig_bubble],utig4-2046+	NA18620	930	match	1054
NA18620	haplotype1-0000008	NA18620_haplotype1-0000008	UNPLACED	haplotype1_from_utig4-1991	utig4-1991+	NA18620	931	match	1249
NA18620	haplotype1-0000010	NA18620_haplotype1-0000010	UNPLACED	haplotype1_from_utig4-2047	utig4-2047+,utig4-1560-,utig4-1562+	NA18620	932	match	1292
NA18620	haplotype1-0000033	NA18620_haplotype1-0000033	UNPLACED	haplotype1_unused_utig4-1183	utig4-1183+	NA18620	933	match	532
NA18620	haplotype2-0000053	NA18620_haplotype2-0000053	UNPLACED	haplotype2_from_utig4-1936	utig4-1936+	NA18620	934	match	1915
NA18620	haplotype2-0000054	NA18620_haplotype2-0000054	UNPLACED	haplotype2_from_utig4-1950	utig4-1560-,utig4-1561+,utig4-1950+,utig4-1985-,utig4-1982-,[N70314N:ambig_bubble],utig4-2046+	NA18620	935	match	858
NA18620	haplotype2-0000055	NA18620_haplotype2-0000055	UNPLACED	haplotype2_from_utig4-1986	utig4-1986+	NA18620	936	match	3648
NA18620	unassigned-0000173	NA18620_unassigned-0000173	SCAFFOLD	na_unused_utig4-1048	utig4-1048+	NA18620	937	match	15
NA18620	unassigned-0000174	NA18620_unassigned-0000174	UNPLACED	na_unused_utig4-1049	utig4-1049+	NA18620	938	match	3022
NA18620	unassigned-0000175	NA18620_unassigned-0000175	UNPLACED	na_unused_utig4-1050	utig4-1050+	NA18620	939	match	242
NA18620	unassigned-0000251	NA18620_unassigned-0000251	UNPLACED_Cmpnt	na_unused_utig4-1148	utig4-1148+	NA18620	940	no-match	-1
NA18620	unassigned-0000278	NA18620_unassigned-0000278	UNPLACED	na_unused_utig4-1184	utig4-1184+	NA18620	941	match	3856
NA18620	unassigned-0000279	NA18620_unassigned-0000279	UNPLACED	na_unused_utig4-1185	utig4-1185+	NA18620	942	match	301
NA18620	unassigned-0000280	NA18620_unassigned-0000280	UNPLACED	na_unused_utig4-1186	utig4-1186+	NA18620	943	match	844
NA18620	unassigned-0000502	NA18620_unassigned-0000502	UNPLACED	na_unused_utig4-1522	utig4-1522+	NA18620	944	no-match	-1
NA18620	unassigned-0000544	NA18620_unassigned-0000544	UNPLACED	na_unused_utig4-1592	utig4-1592+	NA18620	945	match	1396
NA18620	unassigned-0000754	NA18620_unassigned-0000754	UNPLACED	na_unused_utig4-1937	utig4-1937+	NA18620	946	match	401
NA18620	unassigned-0000778	NA18620_unassigned-0000778	UNPLACED	na_unused_utig4-1983	utig4-1983+	NA18620	947	match	2283
NA18620	unassigned-0000779	NA18620_unassigned-0000779	UNPLACED	na_unused_utig4-1984	utig4-1984+	NA18620	948	match	221
NA18620	unassigned-0000780	NA18620_unassigned-0000780	UNPLACED	na_unused_utig4-1989	utig4-1989+	NA18620	949	match	2244
NA18620	unassigned-0000781	NA18620_unassigned-0000781	UNPLACED	na_unused_utig4-1990	utig4-1990+	NA18620	950	match	645
NA18747	haplotype1-0000010	NA18747_haplotype1-0000010	SCAFFOLD	haplotype1_from_utig4-1629	utig4-1629-,[N100000N:scaffold],utig4-1504-	NA18747	951	match	3297
NA18879	haplotype1-0000021	NA18879_haplotype1-0000021	SCAFFOLD	haplotype1_from_utig4-85	utig4-1738+,utig4-1739+,utig4-1474+,utig4-1342-,utig4-86+,[N5000N:ambig_path],utig4-85+	NA18879	952	match	1623
NA18879	haplotype2-0000089	NA18879_haplotype2-0000089	UNPLACED	haplotype2_unused_utig4-1343	utig4-1343+	NA18879	953	match	2979
NA18879	haplotype2-0000090	NA18879_haplotype2-0000090	UNPLACED	haplotype2_unused_utig4-1344	utig4-1344+	NA18879	954	match	904
NA18879	haplotype2-0000112	NA18879_haplotype2-0000112	UNPLACED	haplotype2_unused_utig4-87	utig4-87+	NA18879	955	match	371
NA18879	haplotype2-0000113	NA18879_haplotype2-0000113	SCAFFOLD	haplotype2_unused_utig4-88	utig4-88+	NA18879	956	match	948
NA18879	unassigned-0000294	NA18879_unassigned-0000294	UNPLACED_Cmpnt	na_unused_utig4-1357	utig4-1357+	NA18879	957	no-match	-1
NA18879	unassigned-0000752	NA18879_unassigned-0000752	UNPLACED_Cmpnt	na_unused_utig4-318	utig4-318+	NA18879	958	no-match	-1
NA18952	haplotype1-0000008	NA18952_haplotype1-0000008	SCAFFOLD	haplotype1_from_utig4-1413	utig4-1309-,utig4-1305-,[N3878N:scaffold],utig4-1413-,[N100000N:scaffold],utig4-2352+	NA18952	959	match	522
NA18952	unassigned-0000191	NA18952_unassigned-0000191	UNPLACED	na_unused_utig4-1306	utig4-1306+	NA18952	960	match	1668
NA18952	unassigned-0000192	NA18952_unassigned-0000192	UNPLACED	na_unused_utig4-1307	utig4-1307+	NA18952	961	match	3582
NA18971	haplotype1-0000013	NA18971_haplotype1-0000013	UNPLACED	haplotype1_from_utig4-2124	utig4-2124+	NA18971	962	match	2428
NA18971	haplotype1-0000014	NA18971_haplotype1-0000014	SCAFFOLD	haplotype1_from_utig4-2126	utig4-682+,utig4-2142+,[N100000N:scaffold],utig4-1592+,utig4-1591-,utig4-1363-,[N10212N:ambig_bubble],utig4-2346-,[N5000N:ambig_path],utig4-2126-,utig4-2123-	NA18971	963	match	1781
NA18971	haplotype1-0000015	NA18971_haplotype1-0000015	SCAFFOLD	haplotype1_from_utig4-2163	utig4-2163+	NA18971	964	match	3268
NA18971	haplotype1-0000032	NA18971_haplotype1-0000032	UNPLACED	haplotype1_unused_utig4-1364	utig4-1364+	NA18971	965	match	409
NA18971	haplotype1-0000033	NA18971_haplotype1-0000033	UNPLACED	haplotype1_unused_utig4-1365	utig4-1365+	NA18971	966	match	1850
NA18971	haplotype1-0000039	NA18971_haplotype1-0000039	UNPLACED	haplotype1_unused_utig4-2125	utig4-2125+	NA18971	967	match	1506
NA18971	haplotype1-0000047	NA18971_haplotype1-0000047	UNPLACED	haplotype1_unused_utig4-2347	utig4-2347+	NA18971	968	match	1379
NA18971	haplotype2-0000061	NA18971_haplotype2-0000061	UNPLACED	haplotype2_from_utig4-2107	utig4-2107+	NA18971	969	match	2139
NA18971	haplotype2-0000184	NA18971_haplotype2-0000184	UNPLACED	haplotype2_unused_utig4-2108	utig4-2108+	NA18971	970	match	3384
NA18971	unassigned-0000597	NA18971_unassigned-0000597	UNPLACED_Cmpnt	na_unused_utig4-1745	utig4-1745+	NA18971	971	no-match	-1
NA18974	haplotype1-0000003	NA18974_haplotype1-0000003	SCAFFOLD	haplotype1_from_utig4-1161	utig4-1161-,utig4-1160+,utig4-1164+,utig4-1707-,utig4-1708+,[N100000N:scaffold],utig4-1710+,utig4-1711+,[N5000N:ambig_path],utig4-1435-,utig4-1437+	NA18974	972	match	3156
NA18974	haplotype1-0000004	NA18974_haplotype1-0000004	UNPLACED	haplotype1_from_utig4-1162	utig4-1162+	NA18974	973	match	2688
NA18974	haplotype1-0000011	NA18974_haplotype1-0000011	UNPLACED	haplotype1_from_utig4-1709	utig4-1707-,utig4-1709+	NA18974	974	match	2062
NA18974	haplotype2-0000117	NA18974_haplotype2-0000117	UNPLACED	haplotype2_unused_utig4-1436	utig4-1436+	NA18974	975	match	170
NA18974	haplotype2-0000118	NA18974_haplotype2-0000118	UNPLACED	haplotype2_unused_utig4-1438	utig4-1438+	NA18974	976	match	826
NA18974	haplotype2-0000119	NA18974_haplotype2-0000119	SCAFFOLD	haplotype2_unused_utig4-1439	utig4-1439+	NA18974	977	match	637
NA18974	haplotype2-0000120	NA18974_haplotype2-0000120	UNPLACED	haplotype2_unused_utig4-1450	utig4-1450+	NA18974	978	match	817
NA18974	haplotype2-0000121	NA18974_haplotype2-0000121	UNPLACED	haplotype2_unused_utig4-1451	utig4-1451+	NA18974	979	match	3351
NA18974	haplotype2-0000122	NA18974_haplotype2-0000122	UNPLACED	haplotype2_unused_utig4-1452	utig4-1452+	NA18974	980	match	1885
NA18974	haplotype2-0000124	NA18974_haplotype2-0000124	UNPLACED	haplotype2_unused_utig4-1480	utig4-1480+	NA18974	981	match	2766
NA18974	haplotype2-0000125	NA18974_haplotype2-0000125	UNPLACED	haplotype2_unused_utig4-1511	utig4-1511+	NA18974	982	match	1145
NA18974	haplotype2-0000126	NA18974_haplotype2-0000126	UNPLACED	haplotype2_unused_utig4-1524	utig4-1524+	NA18974	983	match	1234
NA18974	haplotype2-0000127	NA18974_haplotype2-0000127	UNPLACED	haplotype2_unused_utig4-1609	utig4-1609+	NA18974	984	match	1296
NA18974	haplotype2-0000133	NA18974_haplotype2-0000133	UNPLACED	haplotype2_unused_utig4-1648	utig4-1648+	NA18974	985	match	2252
NA18974	haplotype2-0000134	NA18974_haplotype2-0000134	UNPLACED	haplotype2_unused_utig4-1649	utig4-1649+	NA18974	986	match	1797
NA18974	unassigned-0000365	NA18974_unassigned-0000365	UNPLACED_Cmpnt	na_unused_utig4-1302	utig4-1302+	NA18974	987	no-match	-1
NA18983	haplotype1-0000006	NA18983_haplotype1-0000006	SCAFFOLD	haplotype1_from_utig4-1847	utig4-1847+	NA18983	988	match	1759
NA19043	haplotype1-0000017	NA19043_haplotype1-0000017	SCAFFOLD	haplotype1_from_utig4-697	utig4-697-,[N100000N:scaffold],utig4-1306+,utig4-1308+	NA19043	989	match	18
NA19043	haplotype2-0000144	NA19043_haplotype2-0000144	UNPLACED	haplotype2_unused_utig4-1307	utig4-1307+	NA19043	990	match	3011
NA19043	unassigned-0000422	NA19043_unassigned-0000422	UNPLACED	na_unused_utig4-698	utig4-698+	NA19043	991	match	327
NA19043	unassigned-0000423	NA19043_unassigned-0000423	UNPLACED	na_unused_utig4-699	utig4-699+	NA19043	992	match	2270
NA19443	haplotype1-0000025	NA19443_haplotype1-0000025	SCAFFOLD	haplotype1_from_utig4-862	utig4-133-,[N5000N:ambig_path],utig4-937+,utig4-863-,utig4-862+	NA19443	993	match	533
NA19443	haplotype2-0000191	NA19443_haplotype2-0000191	SCAFFOLD	haplotype2_from_utig4-235	utig4-235+,[N49807N:scaffold],utig4-950-	NA19443	994	match	224
NA19443	haplotype2-0000225	NA19443_haplotype2-0000225	UNPLACED	haplotype2_unused_utig4-134	utig4-134+	NA19443	995	match	49
NA19443	haplotype2-0000226	NA19443_haplotype2-0000226	UNPLACED	haplotype2_unused_utig4-135	utig4-135+	NA19443	996	match	1237
NA19443	haplotype2-0000255	NA19443_haplotype2-0000255	SCAFFOLD	haplotype2_unused_utig4-864	utig4-864+	NA19443	997	match	3245
NA19443	haplotype2-0000271	NA19443_haplotype2-0000271	UNPLACED	haplotype2_unused_utig4-938	utig4-938+	NA19443	998	match	2228
NA19443	unassigned-0000305	NA19443_unassigned-0000305	UNPLACED	na_unused_utig4-1070	utig4-1070+	NA19443	999	match	2845
NA19443	unassigned-0000306	NA19443_unassigned-0000306	UNPLACED	na_unused_utig4-1071	utig4-1071+	NA19443	1000	match	921
NA19682	haplotype1-0000008	NA19682_haplotype1-0000008	SCAFFOLD	haplotype1_from_utig4-1591	utig4-1591-,utig4-1589-,utig4-1587-,[N243493N:ambig_bubble],utig4-1582+,utig4-1586+	NA19682	1001	match	1643
NA19700	haplotype1-0000009	NA19700_haplotype1-0000009	SCAFFOLD	haplotype1_from_utig4-294	utig4-294+,[N5000N:ambig_path],utig4-494+,[N240150N:ambig_bubble],utig4-471-,utig4-473+	NA19700	1002	match	3704
NA19700	haplotype2-0000217	NA19700_haplotype2-0000217	UNPLACED	haplotype2_unused_utig4-472	utig4-472+	NA19700	1003	match	1723
NA19700	haplotype2-0000218	NA19700_haplotype2-0000218	UNPLACED	haplotype2_unused_utig4-474	utig4-474+	NA19700	1004	match	1746
NA19700	haplotype2-0000219	NA19700_haplotype2-0000219	UNPLACED	haplotype2_unused_utig4-475	utig4-475+	NA19700	1005	match	2929
NA20346	haplotype1-0000017	NA20346_haplotype1-0000017	SCAFFOLD	haplotype1_from_utig4-299	utig4-313-,utig4-312+,utig4-315+,utig4-704-,utig4-282-,utig4-278-,[N5000N:ambig_path],utig4-280+,[N655126N:tangle],utig4-299+	NA20346	1006	match	2437
NA20346	haplotype2-0000177	NA20346_haplotype2-0000177	UNPLACED	haplotype2_unused_utig4-1556	utig4-1556+	NA20346	1007	match	819
NA20346	haplotype2-0000178	NA20346_haplotype2-0000178	UNPLACED	haplotype2_unused_utig4-230	utig4-230+	NA20346	1008	match	2701
NA20346	haplotype2-0000179	NA20346_haplotype2-0000179	UNPLACED	haplotype2_unused_utig4-231	utig4-231+	NA20346	1009	match	1930
NA20346	haplotype2-0000180	NA20346_haplotype2-0000180	UNPLACED	haplotype2_unused_utig4-232	utig4-232+	NA20346	1010	match	3160
NA20346	haplotype2-0000182	NA20346_haplotype2-0000182	UNPLACED	haplotype2_unused_utig4-279	utig4-279+	NA20346	1011	match	1610
NA20346	haplotype2-0000183	NA20346_haplotype2-0000183	UNPLACED	haplotype2_unused_utig4-281	utig4-281+	NA20346	1012	match	321
NA20346	haplotype2-0000184	NA20346_haplotype2-0000184	UNPLACED	haplotype2_unused_utig4-297	utig4-297+	NA20346	1013	match	1149
NA20346	haplotype2-0000185	NA20346_haplotype2-0000185	UNPLACED	haplotype2_unused_utig4-298	utig4-298+	NA20346	1014	match	355
NA20752	haplotype1-0000011	NA20752_haplotype1-0000011	SCAFFOLD	haplotype1_from_utig4-1510	utig4-1510+,[N5000N:ambig_path],utig4-1630-,utig4-1628+	NA20752	1015	match	2695
NA20752	haplotype2-0000054	NA20752_haplotype2-0000054	UNPLACED	haplotype2_from_utig4-1468	utig4-1468+,utig4-1627+,utig4-1629+	NA20752	1016	no-match	-1
NA20805	haplotype1-0000003	NA20805_haplotype1-0000003	SCAFFOLD	haplotype1_from_utig4-1291	utig4-1291-,[N5000N:ambig_path],utig4-1290-,utig4-1070-,utig4-1066-,utig4-1065+,[N216544N:ambig_bubble],utig4-1138-,[N6844N:ambig_bubble],utig4-1837+,[N100000N:scaffold],utig4-1071+,utig4-2747-,utig4-382-,utig4-380+	NA20805	1017	match	3242
NA20805	haplotype1-0000009	NA20805_haplotype1-0000009	UNPLACED	haplotype1_from_utig4-1838	utig4-1838+	NA20805	1018	match	3323
NA20805	haplotype1-0000028	NA20805_haplotype1-0000028	UNPLACED	haplotype1_unused_utig4-1067	utig4-1067+	NA20805	1019	match	597
NA20805	haplotype1-0000029	NA20805_haplotype1-0000029	UNPLACED	haplotype1_unused_utig4-1068	utig4-1068+	NA20805	1020	match	2889
NA20805	haplotype1-0000030	NA20805_haplotype1-0000030	UNPLACED	haplotype1_unused_utig4-1069	utig4-1069+	NA20805	1021	match	3347
NA20805	haplotype1-0000031	NA20805_haplotype1-0000031	UNPLACED	haplotype1_unused_utig4-1139	utig4-1139+	NA20805	1022	match	1488
NA20805	haplotype1-0000032	NA20805_haplotype1-0000032	UNPLACED	haplotype1_unused_utig4-1140	utig4-1140+	NA20805	1023	match	1356
NA20805	haplotype1-0000034	NA20805_haplotype1-0000034	UNPLACED	haplotype1_unused_utig4-1247	utig4-1247+	NA20805	1024	match	582
NA20805	haplotype1-0000035	NA20805_haplotype1-0000035	UNPLACED	haplotype1_unused_utig4-1292	utig4-1292+	NA20805	1025	match	2843
NA20805	haplotype1-0000058	NA20805_haplotype1-0000058	UNPLACED	haplotype1_unused_utig4-381	utig4-381+	NA20805	1026	match	621
NA20809	haplotype1-0000030	NA20809_haplotype1-0000030	SCAFFOLD	haplotype1_from_utig4-958	utig4-958-,[N100000N:scaffold],utig4-224+	NA20809	1027	match	3346
NA20809	haplotype2-0000094	NA20809_haplotype2-0000094	SCAFFOLD	haplotype2_from_utig4-328	utig4-328+	NA20809	1028	match	72
NA20809	haplotype2-0000126	NA20809_haplotype2-0000126	UNPLACED	haplotype2_unused_utig4-1840	utig4-1840+	NA20809	1029	match	2774
NA20809	unassigned-0000143	NA20809_unassigned-0000143	UNPLACED	na_unused_utig4-1012	utig4-1012+	NA20809	1030	match	1580
NA20809	unassigned-0000144	NA20809_unassigned-0000144	UNPLACED	na_unused_utig4-1013	utig4-1013+	NA20809	1031	match	2742
NA20809	unassigned-0000145	NA20809_unassigned-0000145	UNPLACED	na_unused_utig4-1014	utig4-1014+	NA20809	1032	match	1309
NA20809	unassigned-0000146	NA20809_unassigned-0000146	UNPLACED	na_unused_utig4-1015	utig4-1015+	NA20809	1033	match	1191
NA20809	unassigned-0000147	NA20809_unassigned-0000147	UNPLACED	na_unused_utig4-1016	utig4-1016+	NA20809	1034	match	929
NA20809	unassigned-0000148	NA20809_unassigned-0000148	UNPLACED	na_unused_utig4-1017	utig4-1017+	NA20809	1035	match	500
NA20809	unassigned-0000258	NA20809_unassigned-0000258	UNPLACED	na_unused_utig4-1390	utig4-1390+	NA20809	1036	match	3272
NA20809	unassigned-0000259	NA20809_unassigned-0000259	UNPLACED	na_unused_utig4-1391	utig4-1391+	NA20809	1037	match	2133
NA20809	unassigned-0000260	NA20809_unassigned-0000260	UNPLACED	na_unused_utig4-1392	utig4-1392+	NA20809	1038	match	1222
NA20809	unassigned-0000261	NA20809_unassigned-0000261	UNPLACED	na_unused_utig4-1393	utig4-1393+	NA20809	1039	match	3474
NA20809	unassigned-0000445	NA20809_unassigned-0000445	UNPLACED	na_unused_utig4-1778	utig4-1778+	NA20809	1040	match	2991
NA20809	unassigned-0000471	NA20809_unassigned-0000471	UNPLACED	na_unused_utig4-1841	utig4-1841+	NA20809	1041	match	1847
NA20809	unassigned-0000511	NA20809_unassigned-0000511	SCAFFOLD	na_unused_utig4-221	utig4-221+	NA20809	1042	match	1514
NA20809	unassigned-0000522	NA20809_unassigned-0000522	UNPLACED	na_unused_utig4-329	utig4-329+	NA20809	1043	match	3611
NA20809	unassigned-0000523	NA20809_unassigned-0000523	UNPLACED	na_unused_utig4-330	utig4-330+	NA20809	1044	match	2224
NA20809	unassigned-0000594	NA20809_unassigned-0000594	SCAFFOLD	na_unused_utig4-957	utig4-957+	NA20809	1045	match	3423
NA20850	haplotype1-0000018	NA20850_haplotype1-0000018	SCAFFOLD	haplotype1_from_utig4-352	utig4-352+,utig4-368+,utig4-167-,utig4-168+	NA20850	1046	match	988
NA20870	haplotype1-0000014	NA20870_haplotype1-0000014	SCAFFOLD	haplotype1_from_utig4-1575	utig4-1575+	NA20870	1047	match	695
NA20905	haplotype1-0000006	NA20905_haplotype1-0000006	SCAFFOLD	haplotype1_from_utig4-1522	utig4-1397-,utig4-1396+,utig4-29-,[N289630N:tangle],utig4-1522+	NA20905	1048	match	2107
NA20905	haplotype1-0000036	NA20905_haplotype1-0000036	SCAFFOLD	haplotype1_unused_utig4-1521	utig4-1521+	NA20905	1049	match	2379
NA20905	haplotype1-0000046	NA20905_haplotype1-0000046	UNPLACED	haplotype1_unused_utig4-26	utig4-26+	NA20905	1050	match	349
NA21093	haplotype1-0000020	NA21093_haplotype1-0000020	UNPLACED	haplotype1_from_utig4-644	utig4-644+	NA21093	1051	match	2094
NA21093	haplotype1-0000021	NA21093_haplotype1-0000021	SCAFFOLD	haplotype1_from_utig4-645	utig4-645+,utig4-525-,utig4-524+,utig4-427-,[N5000N:ambig_path],utig4-1395-,utig4-1396+	NA21093	1052	match	3405
NA21093	haplotype2-0000199	NA21093_haplotype2-0000199	UNPLACED	haplotype2_unused_utig4-422	utig4-422+	NA21093	1053	match	62
NA21093	haplotype2-0000200	NA21093_haplotype2-0000200	UNPLACED	haplotype2_unused_utig4-423	utig4-423+	NA21093	1054	match	126
NA21093	haplotype2-0000201	NA21093_haplotype2-0000201	UNPLACED	haplotype2_unused_utig4-424	utig4-424+	NA21093	1055	match	1335
NA21093	haplotype2-0000202	NA21093_haplotype2-0000202	UNPLACED	haplotype2_unused_utig4-425	utig4-425+	NA21093	1056	match	160
NA21093	haplotype2-0000203	NA21093_haplotype2-0000203	UNPLACED	haplotype2_unused_utig4-426	utig4-426+	NA21093	1057	match	701
NA21093	haplotype2-0000204	NA21093_haplotype2-0000204	SCAFFOLD	haplotype2_unused_utig4-428	utig4-428+	NA21093	1058	match	177
HG003	haplotype1-0000002	HG003_haplotype1-0000002	SCAFFOLD	haplotype1_from_utig4-1386	utig4-2609+,[N936260N:tangle],utig4-1386+,utig4-1387+,utig4-3152+,utig4-6473-,[N5000N:ambig_path],utig4-6471+,utig4-5715-	NA24149	1059	match	343
HG003	haplotype1-0000026	HG003_haplotype1-0000026	UNPLACED	haplotype1_unused_utig4-1384	utig4-1384+	NA24149	1060	match	184
HG003	haplotype1-0000027	HG003_haplotype1-0000027	UNPLACED	haplotype1_unused_utig4-1385	utig4-1385+	NA24149	1061	match	1032
HG003	haplotype1-0000053	HG003_haplotype1-0000053	UNPLACED	haplotype1_unused_utig4-2271	utig4-2271+	NA24149	1062	match	1063
HG003	haplotype1-0000054	HG003_haplotype1-0000054	UNPLACED	haplotype1_unused_utig4-2272	utig4-2272+	NA24149	1063	match	1914
HG003	haplotype1-0000055	HG003_haplotype1-0000055	UNPLACED	haplotype1_unused_utig4-2273	utig4-2273+	NA24149	1064	match	1166
HG003	haplotype1-0000056	HG003_haplotype1-0000056	UNPLACED	haplotype1_unused_utig4-2895	utig4-2895+	NA24149	1065	match	1403
HG003	haplotype1-0000057	HG003_haplotype1-0000057	UNPLACED	haplotype1_unused_utig4-2896	utig4-2896+	NA24149	1066	match	596
HG003	haplotype1-0000058	HG003_haplotype1-0000058	UNPLACED	haplotype1_unused_utig4-2897	utig4-2897+	NA24149	1067	match	124
HG003	haplotype1-0000059	HG003_haplotype1-0000059	UNPLACED	haplotype1_unused_utig4-2898	utig4-2898+	NA24149	1068	match	2810
HG003	haplotype1-0000060	HG003_haplotype1-0000060	UNPLACED	haplotype1_unused_utig4-2899	utig4-2899+	NA24149	1069	match	528
HG003	haplotype1-0000091	HG003_haplotype1-0000091	UNPLACED	haplotype1_unused_utig4-4385	utig4-4385+	NA24149	1070	match	915
HG003	haplotype1-0000121	HG003_haplotype1-0000121	UNPLACED	haplotype1_unused_utig4-625	utig4-625+	NA24149	1071	match	880
HG003	haplotype1-0000122	HG003_haplotype1-0000122	UNPLACED	haplotype1_unused_utig4-626	utig4-626+	NA24149	1072	match	411
HG003	haplotype1-0000124	HG003_haplotype1-0000124	UNPLACED	haplotype1_unused_utig4-627	utig4-627+	NA24149	1073	match	1940
HG003	haplotype1-0000130	HG003_haplotype1-0000130	UNPLACED	haplotype1_unused_utig4-628	utig4-628+	NA24149	1074	match	1336
HG003	haplotype1-0000131	HG003_haplotype1-0000131	UNPLACED	haplotype1_unused_utig4-629	utig4-629+	NA24149	1075	match	2141
HG003	haplotype1-0000132	HG003_haplotype1-0000132	UNPLACED	haplotype1_unused_utig4-6472	utig4-6472+	NA24149	1076	match	3023
HG003	haplotype2-0000146	HG003_haplotype2-0000146	UNPLACED	haplotype2_from_utig4-3154	utig4-1387-,utig4-3154+	NA24149	1077	match	1262
HG003	unassigned-0000269	HG003_unassigned-0000269	UNPLACED	na_unused_utig4-1388	utig4-1388+	NA24149	1078	match	584
HG003	unassigned-0000923	HG003_unassigned-0000923	UNPLACED	na_unused_utig4-3151	utig4-3151+	NA24149	1079	match	2230
HG003	unassigned-0000924	HG003_unassigned-0000924	UNPLACED	na_unused_utig4-3153	utig4-3153+	NA24149	1080	match	2204
